<VIPSPage PageRectHeight="600" PageRectLeft="0" PageRectTop="0" PageRectWidth="1000" PageTitle="Online Shopping site in India: Shop Online for Mobiles, Books, Watches, Shoes and More - Amazon.in" Url="https://www.amazon.in/" WindowHeight="600" WindowWidth="1000" neworder="0" order="0">
<LayoutNode BgColor="#ffffff" ContainImg="62" ContainP="8" ContainTable="false" DOMCldNum="5" DoC="1" FontSize="11" FontWeight="normal" FrameSourceIndex="0" ID="1" IsImg="false" LinkTextLen="769" ObjectRectHeight="8107" ObjectRectLeft="0" ObjectRectTop="0" ObjectRectWidth="1239" SourceIndex="177" TextLen="1700" order="1">
<LayoutNode BgColor="#ffffff" ContainImg="2" ContainP="0" ContainTable="false" DOMCldNum="5" DoC="7" FontSize="11" FontWeight="normal" FrameSourceIndex="0" ID="1-1" IsImg="false" LinkTextLen="46" ObjectRectHeight="104" ObjectRectLeft="0" ObjectRectTop="0" ObjectRectWidth="1239" SourceIndex="177" TextLen="97" order="2">
<LayoutNode BgColor="#ffffff" ContainImg="2" ContainP="0" ContainTable="false" DOMCldNum="5" DoC="7" FontSize="11" FontWeight="normal" FrameSourceIndex="0" ID="1-1-1" IsImg="false" LinkTextLen="9" ObjectRectHeight="39" ObjectRectLeft="0" ObjectRectTop="0" ObjectRectWidth="1239" SourceIndex="177" TextLen="18" order="3">
<LayoutNode BgColor="#ffffff" ContainImg="0" ContainP="0" ContainTable="false" Content="Try Prime  " DOMCldNum="5" DoC="10" FontSize="11" FontWeight="normal" FrameSourceIndex="0" ID="1-1-1-1" IsImg="false" LinkTextLen="9" ObjectRectHeight="39" ObjectRectLeft="0" ObjectRectTop="0" ObjectRectWidth="219" SRC="&lt;a aria-label=&quot;&quot; class=&quot;nav-sprite nav-logo-tagline nav-prime-try&quot; href=&quot;/prime?ref=nav_logo_prime_join&quot; tabindex=&quot;7&quot;&gt;&#13;    Try Prime&#13;  &lt;/a&gt;&lt;input autocomplete=&quot;off&quot; class=&quot;nav-input&quot; dir=&quot;auto&quot; id=&quot;twotabsearchtextbox&quot; name=&quot;field-keywords&quot; placeholder=&quot;&quot; tabindex=&quot;9&quot; type=&quot;text&quot; value=&quot;&quot;/&gt;" SourceIndex="188;2991" TextLen="9" order="4"/>
<LayoutNode BgColor="#ffffff" ContainImg="0" ContainP="0" ContainTable="false" Content="Search " DOMCldNum="7" DoC="10" FontSize="14" FontWeight="normal" FrameSourceIndex="0" ID="1-1-1-2" IsImg="false" LinkTextLen="0" ObjectRectHeight="39" ObjectRectLeft="249" ObjectRectTop="0" ObjectRectWidth="53" SRC="&lt;label class=&quot;aok-offscreen&quot; for=&quot;twotabsearchtextbox&quot; id=&quot;nav-search-label&quot;&gt;&#13;          Search&#13;        &lt;/label&gt;" SourceIndex="382" TextLen="6" order="5"/>
<LayoutNode BgColor="#ffffff" ContainImg="2" ContainP="0" ContainTable="false" Content="  Go  " DOMCldNum="1" DoC="8" FontSize="14" FontWeight="normal" FrameSourceIndex="0" ID="1-1-1-3" IsImg="false" LinkTextLen="0" ObjectRectHeight="39" ObjectRectLeft="553" ObjectRectTop="0" ObjectRectWidth="686" SRC="&lt;img XDefaultStyle=&quot;;border-top-style:none;border-right-style:none;border-bottom-style:none;border-left-style:none;&quot; alt=&quot;Appy Hours&quot; border=&quot;0&quot; height=&quot;39px&quot; src=&quot;https://images-eu.ssl-images-amazon.com/images/G/31/x-locale/common/transparent-pixel._CB386942716_.gif&quot; usemap=&quot;#nav-swm-holiday-map&quot; width=&quot;400px&quot;/&gt;&lt;span class=&quot;nav-search-submit-text nav-sprite&quot; id=&quot;nav-search-submit-text&quot;&gt;&#13;          Go&#13;        &lt;/span&gt;&lt;input class=&quot;nav-input&quot; tabindex=&quot;10&quot; type=&quot;submit&quot; value=&quot;Go&quot;/&gt;" SourceIndex="2810;369;2978" TextLen="3" order="6"/>
</LayoutNode>
<LayoutNode BgColor="#ffffff" ContainImg="0" ContainP="0" ContainTable="false" DOMCldNum="2" DoC="7" FontSize="12" FontWeight="normal" FrameSourceIndex="0" ID="1-1-2" IsImg="false" LinkTextLen="37" ObjectRectHeight="60" ObjectRectLeft="0" ObjectRectTop="44" ObjectRectWidth="1239" SourceIndex="406" TextLen="79" order="7">
<LayoutNode BgColor="#ffffff" ContainImg="0" ContainP="0" ContainTable="false" Content="Deliver to Bengaluru 560053‌ " DOMCldNum="2" DoC="10" FontSize="12" FontWeight="normal" FrameSourceIndex="0" ID="1-1-2-1" IsImg="false" LinkTextLen="0" ObjectRectHeight="60" ObjectRectLeft="0" ObjectRectTop="44" ObjectRectWidth="475" SRC="&lt;span class=&quot;nav-line-1&quot; id=&quot;glow-ingress-line1&quot;&gt;Deliver to&lt;/span&gt;&lt;span class=&quot;nav-line-2&quot; id=&quot;glow-ingress-line2&quot;&gt;Bengaluru 560053‌&lt;/span&gt;" SourceIndex="407;409" TextLen="27" order="8"/>
<LayoutNode BgColor="#ffffff" ContainImg="0" ContainP="0" ContainTable="false" Content="Shop by Category " DOMCldNum="5" DoC="10" FontSize="12" FontWeight="normal" FrameSourceIndex="0" ID="1-1-2-2" IsImg="false" LinkTextLen="0" ObjectRectHeight="60" ObjectRectLeft="528" ObjectRectTop="44" ObjectRectWidth="63" SRC="&lt;span class=&quot;nav-line-1&quot;&gt;Shop by&lt;/span&gt;Category" SourceIndex="488;0" TextLen="15" order="9"/>
<LayoutNode BgColor="#ffffff" ContainImg="0" ContainP="0" ContainTable="false" Content="Your Amazon.in " DOMCldNum="15" DoC="10" FontSize="13" FontWeight="normal" FrameSourceIndex="0" ID="1-1-2-3" IsImg="false" LinkTextLen="14" ObjectRectHeight="60" ObjectRectLeft="688" ObjectRectTop="44" ObjectRectWidth="93" SRC="&lt;a class=&quot;nav-a&quot; href=&quot;/gp/yourstore/home?ref=nav_cs_ys&quot; id=&quot;nav-your-amazon&quot; tabindex=&quot;20&quot;&gt;Your Amazon.in&lt;/a&gt;" SourceIndex="505" TextLen="14" order="10"/>
<LayoutNode BgColor="#ffffff" ContainImg="0" ContainP="0" ContainTable="false" Content="Today's Deals " DOMCldNum="15" DoC="10" FontSize="13" FontWeight="normal" FrameSourceIndex="0" ID="1-1-2-4" IsImg="false" LinkTextLen="13" ObjectRectHeight="60" ObjectRectLeft="799" ObjectRectTop="44" ObjectRectWidth="81" SRC="&lt;a class=&quot;nav-a&quot; href=&quot;/gp/goldbox?ref=nav_topnav_deals&quot; tabindex=&quot;21&quot;&gt;Today's Deals&lt;/a&gt;" SourceIndex="508" TextLen="13" order="11"/>
<LayoutNode BgColor="#ffffff" ContainImg="0" ContainP="0" ContainTable="false" Content="Amazon Pay " DOMCldNum="15" DoC="10" FontSize="13" FontWeight="normal" FrameSourceIndex="0" ID="1-1-2-5" IsImg="false" LinkTextLen="10" ObjectRectHeight="60" ObjectRectLeft="898" ObjectRectTop="44" ObjectRectWidth="341" SRC="&lt;a class=&quot;nav-a&quot; href=&quot;/gp/sva/dashboard?ref=nav_apay&quot; tabindex=&quot;22&quot;&gt;Amazon Pay&lt;/a&gt;" SourceIndex="511" TextLen="10" order="12"/>
</LayoutNode>
</LayoutNode>
<LayoutNode BgColor="#ffffff" ContainImg="6" ContainP="3" ContainTable="false" DOMCldNum="2" DoC="7" FontSize="21" FontWeight="normal" FrameSourceIndex="0" ID="1-2" IsImg="false" LinkTextLen="61" ObjectRectHeight="1670" ObjectRectLeft="0" ObjectRectTop="374" ObjectRectWidth="1239" SourceIndex="744" TextLen="252" order="13">
<LayoutNode BgColor="#ffffff" ContainImg="0" ContainP="0" ContainTable="false" Content="Meet the new Echo family " DOMCldNum="2" DoC="10" FontSize="21" FontWeight="normal" FrameSourceIndex="0" ID="1-2-1" IsImg="false" LinkTextLen="0" ObjectRectHeight="27" ObjectRectLeft="0" ObjectRectTop="374" ObjectRectWidth="1239" SRC="&lt;h2 class=&quot;a-color-base headline truncate-1line&quot;&gt;Meet the new Echo family&lt;/h2&gt;" SourceIndex="745" TextLen="24" order="14"/>
<LayoutNode BgColor="#ffffff" ContainImg="2" ContainP="1" ContainTable="false" Content=" Voice control your world " DOMCldNum="1" DoC="10" FontSize="13" FontWeight="normal" FrameSourceIndex="0" ID="1-2-2" IsImg="false" LinkTextLen="0" ObjectRectHeight="285" ObjectRectLeft="0" ObjectRectTop="411" ObjectRectWidth="1239" SRC="&lt;img alt=&quot;Amazon Echo&quot; data-a-hires=&quot;https://images-eu.ssl-images-amazon.com/images/G/31/img17/AmazonDevices/Neel/Aug/520X520_Family._CB483990630_SY520_.jpg&quot; src=&quot;https://images-eu.ssl-images-amazon.com/images/G/31/img17/AmazonDevices/Neel/Aug/260x260_Family._CB483990630_SY260_.jpg&quot;/&gt;&lt;p class=&quot;a-spacing-top-mini a-size-base description truncate-2line&quot;&gt;Voice control your world&lt;/p&gt;" SourceIndex="751" TextLen="24" order="15"/>
<LayoutNode BgColor="#ffffff" ContainImg="0" ContainP="0" ContainTable="false" Content="Explore all devices " DOMCldNum="2" DoC="10" FontSize="13" FontWeight="normal" FrameSourceIndex="0" ID="1-2-3" IsImg="false" LinkTextLen="19" ObjectRectHeight="19" ObjectRectLeft="0" ObjectRectTop="755" ObjectRectWidth="1239" SRC="&lt;a class=&quot;a-link-normal see-more truncate-1line&quot; href=&quot;/s/ref=nb_sb_noss?url=search-alias%3Daps&amp;amp;field-hidden-keywords=B0792KTHKK%7CB0792PG3S8%7CB0792HC9RP%7CB07H6234HJ%7CB0794JD9JS%7CB0794JD1B1%7CB07CTTL5GR%7CB07H61CPX8%7CB07F3NJJMG%7CB071NB4PGV%7CB071V2RN3V%7CB0725W7Q38%7CB0714JKG4Y%7CB0749YXL1J%7CB01J4IY6X0%7CB01J6A7FGQ%7CB074BL3R67&amp;amp;suppress-ve=1&amp;amp;pf_rd_p=d2e5f50d-e54e-4011-a7a1-db95021900c2&amp;amp;pf_rd_r=6ZSDRK21SC0P4BE0PQVY&quot;&gt;Explore all devices&lt;/a&gt;" SourceIndex="760" TextLen="19" order="16"/>
<LayoutNode BgColor="#ffffff" ContainImg="0" ContainP="0" ContainTable="false" Content="Order food using Amazon Pay " DOMCldNum="2" DoC="10" FontSize="21" FontWeight="normal" FrameSourceIndex="0" ID="1-2-4" IsImg="false" LinkTextLen="0" ObjectRectHeight="27" ObjectRectLeft="0" ObjectRectTop="794" ObjectRectWidth="1239" SRC="&lt;h2 class=&quot;a-color-base headline truncate-1line&quot;&gt;Order food using Amazon Pay&lt;/h2&gt;" SourceIndex="772" TextLen="27" order="17"/>
<LayoutNode BgColor="#ffffff" ContainImg="2" ContainP="1" ContainTable="false" Content=" Get 30% back on Swiggy, Domino's, Faasos &amp; more " DOMCldNum="1" DoC="10" FontSize="13" FontWeight="normal" FrameSourceIndex="0" ID="1-2-5" IsImg="false" LinkTextLen="0" ObjectRectHeight="285" ObjectRectLeft="0" ObjectRectTop="831" ObjectRectWidth="1239" SRC="&lt;img alt=&quot;Amazon Pay offers&quot; data-a-hires=&quot;https://images-eu.ssl-images-amazon.com/images/G/31/img18/AmazonPay/LPA/December/food_520x520._CB460873713_SY520_.jpg&quot; src=&quot;https://images-eu.ssl-images-amazon.com/images/G/31/img18/AmazonPay/LPA/December/food_260x260._CB460873713_SY260_.jpg&quot;/&gt;&lt;p class=&quot;a-spacing-top-mini a-size-base description truncate-2line&quot;&gt;Get 30% back on Swiggy, Domino's, Faasos &amp;amp; more&lt;/p&gt;" SourceIndex="778" TextLen="47" order="18"/>
<LayoutNode BgColor="#ffffff" ContainImg="0" ContainP="0" ContainTable="false" Content="Order now " DOMCldNum="2" DoC="10" FontSize="13" FontWeight="normal" FrameSourceIndex="0" ID="1-2-6" IsImg="false" LinkTextLen="9" ObjectRectHeight="19" ObjectRectLeft="0" ObjectRectTop="1175" ObjectRectWidth="1239" SRC="&lt;a class=&quot;a-link-normal see-more truncate-1line&quot; href=&quot;/b/ref=lpa_food_2?node=14258646031&amp;amp;pf_rd_p=7d143906-4e5a-47d7-b8f8-26f85dd5e175&amp;amp;pf_rd_r=6ZSDRK21SC0P4BE0PQVY&quot;&gt;Order now&lt;/a&gt;" SourceIndex="787" TextLen="9" order="19"/>
<LayoutNode BgColor="#ffffff" ContainImg="0" ContainP="0" ContainTable="false" Content="EMI on Debit Card " DOMCldNum="2" DoC="10" FontSize="21" FontWeight="normal" FrameSourceIndex="0" ID="1-2-7" IsImg="false" LinkTextLen="0" ObjectRectHeight="27" ObjectRectLeft="0" ObjectRectTop="1214" ObjectRectWidth="1239" SRC="&lt;h2 class=&quot;a-color-base headline truncate-1line&quot;&gt;EMI on Debit Card&lt;/h2&gt;" SourceIndex="799" TextLen="17" order="20"/>
<LayoutNode BgColor="#ffffff" ContainImg="2" ContainP="1" ContainTable="false" Content=" Loan up to Rs 1 Lakh " DOMCldNum="1" DoC="10" FontSize="13" FontWeight="normal" FrameSourceIndex="0" ID="1-2-8" IsImg="false" LinkTextLen="0" ObjectRectHeight="285" ObjectRectLeft="0" ObjectRectTop="1251" ObjectRectWidth="1239" SRC="&lt;img alt=&quot;EMI on Debit Card&quot; data-a-hires=&quot;https://images-eu.ssl-images-amazon.com/images/G/31/img17/AmazonPay/NocostEMI/DebitCards/PCCard/NCE_143_Desktop-Category-Card_520._CB485296061_SY520_.jpg&quot; src=&quot;https://images-eu.ssl-images-amazon.com/images/G/31/img17/AmazonPay/NocostEMI/DebitCards/PCCard/NCE_143_Desktop-Category-Card_260._CB485296061_SY260_.jpg&quot;/&gt;&lt;p class=&quot;a-spacing-top-mini a-size-base description truncate-2line&quot;&gt;Loan up to Rs 1 Lakh&lt;/p&gt;" SourceIndex="805" TextLen="20" order="21"/>
<LayoutNode BgColor="#ffffff" ContainImg="0" ContainP="0" ContainTable="false" Content="Check eligibility " DOMCldNum="2" DoC="10" FontSize="13" FontWeight="normal" FrameSourceIndex="0" ID="1-2-9" IsImg="false" LinkTextLen="17" ObjectRectHeight="19" ObjectRectLeft="0" ObjectRectTop="1595" ObjectRectWidth="1239" SRC="&lt;a class=&quot;a-link-normal see-more truncate-1line&quot; href=&quot;/gp/debitcard/emi?pf_rd_p=b69760bc-8578-41d3-b632-45ec0a7f46ff&amp;amp;pf_rd_r=6ZSDRK21SC0P4BE0PQVY&quot;&gt;Check eligibility&lt;/a&gt;" SourceIndex="814" TextLen="17" order="22"/>
<LayoutNode BgColor="#ffffff" ContainImg="0" ContainP="0" ContainTable="false" Content="Sign in for your best experience Sign in securely " DOMCldNum="3" DoC="10" FontSize="21" FontWeight="normal" FrameSourceIndex="0" ID="1-2-10" IsImg="false" LinkTextLen="16" ObjectRectHeight="420" ObjectRectLeft="0" ObjectRectTop="1624" ObjectRectWidth="1239" SRC="&lt;h2 class=&quot;headline&quot;&gt;Sign in for your best experience&lt;/h2&gt;&lt;a class=&quot;a-button-text&quot; href=&quot;https://www.amazon.in/ap/signin?openid.return_to=https%3A%2F%2Fwww.amazon.in%2Fref%3Dgw_sgn_ib%2F259-0545319-7014768&amp;amp;openid.identity=http%3A%2F%2Fspecs.openid.net%2Fauth%2F2.0%2Fidentifier_select&amp;amp;openid.assoc_handle=inflex&amp;amp;openid.mode=checkid_setup&amp;amp;marketPlaceId=A21TJRUUN4KGV&amp;amp;openid.claimed_id=http%3A%2F%2Fspecs.openid.net%2Fauth%2F2.0%2Fidentifier_select&amp;amp;openid.ns=http%3A%2F%2Fspecs.openid.net%2Fauth%2F2.0&amp;amp;&quot; role=&quot;button&quot;&gt;Sign in securely&lt;/a&gt;" SourceIndex="827" TextLen="48" order="23"/>
</LayoutNode>
<LayoutNode BgColor="#ffffff" ContainImg="8" ContainP="4" ContainTable="false" DOMCldNum="2" DoC="7" FontSize="21" FontWeight="normal" FrameSourceIndex="0" ID="1-3" IsImg="false" LinkTextLen="39" ObjectRectHeight="1680" ObjectRectLeft="0" ObjectRectTop="2094" ObjectRectWidth="1239" SourceIndex="864" TextLen="322" order="24">
<LayoutNode BgColor="#ffffff" ContainImg="0" ContainP="0" ContainTable="false" Content="Deal of the Day " DOMCldNum="2" DoC="10" FontSize="21" FontWeight="normal" FrameSourceIndex="0" ID="1-3-1" IsImg="false" LinkTextLen="0" ObjectRectHeight="27" ObjectRectLeft="0" ObjectRectTop="2094" ObjectRectWidth="1239" SRC="&lt;h2 class=&quot;a-color-base headline truncate-1line&quot;&gt;Deal of the Day&lt;/h2&gt;" SourceIndex="865" TextLen="15" order="25"/>
<LayoutNode BgColor="#ffffff" ContainImg="2" ContainP="1" ContainTable="false" DOMCldNum="1" DoC="8" FontSize="13" FontWeight="normal" FrameSourceIndex="0" ID="1-3-2" IsImg="false" LinkTextLen="0" ObjectRectHeight="299" ObjectRectLeft="0" ObjectRectTop="2131" ObjectRectWidth="1239" SourceIndex="871" TextLen="59" order="26">
<LayoutNode BgColor="#ffffff" ContainImg="2" ContainP="0" ContainTable="false" Content=" " DOMCldNum="1" DoC="11" FontSize="13" FontWeight="normal" FrameSourceIndex="0" ID="1-3-2-1" IsImg="true" LinkTextLen="0" ObjectRectHeight="240" ObjectRectLeft="0" ObjectRectTop="2131" ObjectRectWidth="1239" SRC="&lt;img alt=&quot;Honor 8X (Blue, 4GB RAM, 64GB Storage)&quot; data-a-hires=&quot;https://images-na.ssl-images-amazon.com/images/I/51TMwpnXoVL._SY480_.jpg&quot; src=&quot;https://images-na.ssl-images-amazon.com/images/I/51TMwpnXoVL._SY240_.jpg&quot;/&gt;" SourceIndex="3478" TextLen="0" order="27"/>
<LayoutNode BgColor="#ffffff" ContainImg="0" ContainP="1" ContainTable="false" Content=". ₹ 14,999.00₹14,99900 Honor 8X (Blue, 4GB RAM, 64GB Storage) " DOMCldNum="6" DoC="8" FontSize="21" FontWeight="normal" FrameSourceIndex="0" ID="1-3-2-2" IsImg="false" LinkTextLen="0" ObjectRectHeight="53" ObjectRectLeft="0" ObjectRectTop="2377" ObjectRectWidth="1239" SRC="&lt;span class=&quot;a-price-decimal&quot;&gt;.&lt;/span&gt;&lt;p class=&quot;a-spacing-none a-spacing-top-mini&quot;&gt;&lt;span class=&quot;a-price-range deal-price-block&quot;&gt;&lt;span class=&quot;a-price min-deal-price&quot; data-a-color=&quot;base&quot; data-a-size=&quot;l&quot;&gt;&lt;span class=&quot;a-offscreen&quot;&gt;₹ 14,999.00&lt;/span&gt;&lt;span aria-hidden=&quot;true&quot;&gt;&lt;span class=&quot;a-price-symbol&quot;&gt;₹&lt;/span&gt;&lt;span class=&quot;a-price-whole&quot;&gt;14,999&lt;span class=&quot;a-price-decimal&quot;&gt;.&lt;/span&gt;&lt;/span&gt;&lt;span class=&quot;a-price-fraction&quot;&gt;00&lt;/span&gt;&lt;/span&gt;&lt;/span&gt;&lt;/span&gt;&#13;&lt;/p&gt;&lt;span class=&quot;a-color-base truncate-2line&quot;&gt; Honor 8X (Blue, 4GB RAM, 64GB Storage) &lt;/span&gt;" SourceIndex="885;875;891" TextLen="59" order="28"/>
</LayoutNode>
<LayoutNode BgColor="#ffffff" ContainImg="0" ContainP="0" ContainTable="false" Content="See more deals " DOMCldNum="2" DoC="10" FontSize="13" FontWeight="normal" FrameSourceIndex="0" ID="1-3-3" IsImg="false" LinkTextLen="14" ObjectRectHeight="19" ObjectRectLeft="0" ObjectRectTop="2475" ObjectRectWidth="1239" SRC="&lt;a class=&quot;a-link-normal see-more truncate-1line&quot; href=&quot;/gp/goldbox?pf_rd_p=b615df3b-c50f-4562-9168-d3dd950d62f2&amp;amp;pf_rd_r=6ZSDRK21SC0P4BE0PQVY&quot;&gt;See more deals&lt;/a&gt;" SourceIndex="896" TextLen="14" order="29"/>
<LayoutNode BgColor="#ffffff" ContainImg="0" ContainP="0" ContainTable="false" Content="Recharge, Food, Travel offers " DOMCldNum="2" DoC="10" FontSize="21" FontWeight="normal" FrameSourceIndex="0" ID="1-3-4" IsImg="false" LinkTextLen="0" ObjectRectHeight="27" ObjectRectLeft="0" ObjectRectTop="2514" ObjectRectWidth="1239" SRC="&lt;h2 class=&quot;a-color-base headline truncate-1line&quot;&gt;Recharge, Food, Travel offers&lt;/h2&gt;" SourceIndex="908" TextLen="29" order="30"/>
<LayoutNode BgColor="#ffffff" ContainImg="2" ContainP="1" ContainTable="false" Content=" Save more with Amazon Pay " DOMCldNum="1" DoC="10" FontSize="13" FontWeight="normal" FrameSourceIndex="0" ID="1-3-5" IsImg="false" LinkTextLen="0" ObjectRectHeight="285" ObjectRectLeft="0" ObjectRectTop="2551" ObjectRectWidth="1239" SRC="&lt;img alt=&quot;Amazon Pay&quot; data-a-hires=&quot;https://images-eu.ssl-images-amazon.com/images/G/31/img18/AmazonPay/AmazonPay_Savings/Adapts/pc_card2x._CB461235462_SY520_.jpg&quot; src=&quot;https://images-eu.ssl-images-amazon.com/images/G/31/img18/AmazonPay/AmazonPay_Savings/Adapts/pc_card1x._CB461235462_SY260_.jpg&quot;/&gt;&lt;p class=&quot;a-spacing-top-mini a-size-base description truncate-2line&quot;&gt;Save more with Amazon Pay&lt;/p&gt;" SourceIndex="914" TextLen="25" order="31"/>
<LayoutNode BgColor="#ffffff" ContainImg="0" ContainP="0" ContainTable="false" Content="See more " DOMCldNum="2" DoC="10" FontSize="13" FontWeight="normal" FrameSourceIndex="0" ID="1-3-6" IsImg="false" LinkTextLen="8" ObjectRectHeight="19" ObjectRectLeft="0" ObjectRectTop="2895" ObjectRectWidth="1239" SRC="&lt;a class=&quot;a-link-normal see-more truncate-1line&quot; href=&quot;/b?node=14783922031&amp;amp;pf_rd_p=a0cc931f-b00c-4c43-bb91-634530e664ed&amp;amp;pf_rd_r=6ZSDRK21SC0P4BE0PQVY&quot;&gt;See more&lt;/a&gt;" SourceIndex="923" TextLen="8" order="32"/>
<LayoutNode BgColor="#ffffff" ContainImg="0" ContainP="0" ContainTable="false" Content="All-New Kindle Paperwhite " DOMCldNum="2" DoC="10" FontSize="21" FontWeight="normal" FrameSourceIndex="0" ID="1-3-7" IsImg="false" LinkTextLen="0" ObjectRectHeight="27" ObjectRectLeft="0" ObjectRectTop="2934" ObjectRectWidth="1239" SRC="&lt;h2 class=&quot;a-color-base headline truncate-1line&quot;&gt;All-New Kindle Paperwhite&lt;/h2&gt;" SourceIndex="935" TextLen="25" order="33"/>
<LayoutNode BgColor="#ffffff" ContainImg="2" ContainP="1" ContainTable="false" Content=" Thinner, Lighter, Waterproof with 2X Storage - At ₹12,999 " DOMCldNum="1" DoC="10" FontSize="13" FontWeight="normal" FrameSourceIndex="0" ID="1-3-8" IsImg="false" LinkTextLen="0" ObjectRectHeight="285" ObjectRectLeft="0" ObjectRectTop="2971" ObjectRectWidth="1239" SRC="&lt;img alt=&quot;All new Kindle Paperwhite&quot; data-a-hires=&quot;https://images-eu.ssl-images-amazon.com/images/G/31/img18/AmazonDevices/kindle/launch_520X520._CB481777603_SY520_.jpg&quot; src=&quot;https://images-eu.ssl-images-amazon.com/images/G/31/img18/AmazonDevices/kindle/launch_260X260._CB481777578_SY260_.jpg&quot;/&gt;&lt;p class=&quot;a-spacing-top-mini a-size-base description truncate-2line&quot;&gt;Thinner, Lighter, Waterproof with 2X Storage - At ₹12,999&lt;/p&gt;" SourceIndex="941" TextLen="57" order="34"/>
<LayoutNode BgColor="#ffffff" ContainImg="0" ContainP="0" ContainTable="false" Content="Shop now " DOMCldNum="2" DoC="10" FontSize="13" FontWeight="normal" FrameSourceIndex="0" ID="1-3-9" IsImg="false" LinkTextLen="8" ObjectRectHeight="19" ObjectRectLeft="0" ObjectRectTop="3315" ObjectRectWidth="1239" SRC="&lt;a class=&quot;a-link-normal see-more truncate-1line&quot; href=&quot;/dp/B077454Z99?pf_rd_p=2d5800f5-af37-48df-9520-58d28d55b175&amp;amp;pf_rd_r=6ZSDRK21SC0P4BE0PQVY&quot;&gt;Shop now&lt;/a&gt;" SourceIndex="950" TextLen="8" order="35"/>
<LayoutNode BgColor="#ffffff" ContainImg="0" ContainP="0" ContainTable="false" Content="Up to ₹1,500 off* " DOMCldNum="2" DoC="10" FontSize="21" FontWeight="normal" FrameSourceIndex="0" ID="1-3-10" IsImg="false" LinkTextLen="0" ObjectRectHeight="27" ObjectRectLeft="0" ObjectRectTop="3354" ObjectRectWidth="1239" SRC="&lt;h2 class=&quot;a-color-base headline truncate-1line&quot;&gt;Up to ₹1,500 off*&lt;/h2&gt;" SourceIndex="962" TextLen="17" order="36"/>
<LayoutNode BgColor="#ffffff" ContainImg="2" ContainP="1" ContainTable="false" Content=" On HDFC debit &amp; credit card EMI transactions. *T&amp;C Apply " DOMCldNum="1" DoC="10" FontSize="13" FontWeight="normal" FrameSourceIndex="0" ID="1-3-11" IsImg="false" LinkTextLen="0" ObjectRectHeight="285" ObjectRectLeft="0" ObjectRectTop="3391" ObjectRectWidth="1239" SRC="&lt;img alt=&quot;HDFC EMI Fest&quot; data-a-hires=&quot;https://images-eu.ssl-images-amazon.com/images/G/31/img17/AmazonPay/Ankit/bau/emifest/hdfc/21stdec/Desktop_card_520x520._CB460220688_SY520_.jpg&quot; src=&quot;https://images-eu.ssl-images-amazon.com/images/G/31/img17/AmazonPay/Ankit/bau/emifest/hdfc/21stdec/Desktop_card_260x260._CB460220688_SY260_.jpg&quot;/&gt;&lt;p class=&quot;a-spacing-top-mini a-size-base description truncate-2line&quot;&gt;On HDFC debit &amp;amp; credit card EMI transactions. *T&amp;amp;C Apply&lt;/p&gt;" SourceIndex="968" TextLen="56" order="37"/>
<LayoutNode BgColor="#ffffff" ContainImg="0" ContainP="0" ContainTable="false" Content="Know more " DOMCldNum="2" DoC="10" FontSize="13" FontWeight="normal" FrameSourceIndex="0" ID="1-3-12" IsImg="false" LinkTextLen="9" ObjectRectHeight="39" ObjectRectLeft="0" ObjectRectTop="3735" ObjectRectWidth="1239" SRC="&lt;a class=&quot;a-link-normal see-more truncate-1line&quot; href=&quot;/b?node=15430903031&amp;amp;pf_rd_p=adb36db6-dec3-4eae-aa42-22d1c8e06ef7&amp;amp;pf_rd_r=6ZSDRK21SC0P4BE0PQVY&quot;&gt;Know more&lt;/a&gt;" SourceIndex="977" TextLen="9" order="38"/>
</LayoutNode>
<LayoutNode BgColor="#ffffff" ContainImg="2" ContainP="1" ContainTable="false" DOMCldNum="2" DoC="7" FontSize="21" FontWeight="normal" FrameSourceIndex="0" ID="1-4" IsImg="false" LinkTextLen="12" ObjectRectHeight="420" ObjectRectLeft="0" ObjectRectTop="3794" ObjectRectWidth="1239" SourceIndex="990" TextLen="53" order="39">
<LayoutNode BgColor="#ffffff" ContainImg="0" ContainP="0" ContainTable="false" Content="Mobile Prepaid Recharges " DOMCldNum="2" DoC="10" FontSize="21" FontWeight="normal" FrameSourceIndex="0" ID="1-4-1" IsImg="false" LinkTextLen="0" ObjectRectHeight="27" ObjectRectLeft="0" ObjectRectTop="3794" ObjectRectWidth="1239" SRC="&lt;h2 class=&quot;a-color-base headline truncate-1line&quot;&gt;Mobile Prepaid Recharges&lt;/h2&gt;" SourceIndex="991" TextLen="24" order="40"/>
<LayoutNode BgColor="#ffffff" ContainImg="2" ContainP="1" ContainTable="false" Content=" Up to Rs.100 back " DOMCldNum="1" DoC="10" FontSize="13" FontWeight="normal" FrameSourceIndex="0" ID="1-4-2" IsImg="false" LinkTextLen="0" ObjectRectHeight="285" ObjectRectLeft="0" ObjectRectTop="3831" ObjectRectWidth="1239" SRC="&lt;img alt=&quot;Mobile Prepaid Recharges&quot; data-a-hires=&quot;https://images-eu.ssl-images-amazon.com/images/G/31/img18/AmazonPay/Recharges/August/1134987_520x520._CB470673276_SY520_.jpg&quot; src=&quot;https://images-eu.ssl-images-amazon.com/images/G/31/img18/AmazonPay/Recharges/August/1134987_260x260._CB470673279_SY260_.jpg&quot;/&gt;&lt;p class=&quot;a-spacing-top-mini a-size-base description truncate-2line&quot;&gt;Up to Rs.100 back&lt;/p&gt;" SourceIndex="997" TextLen="17" order="41"/>
<LayoutNode BgColor="#ffffff" ContainImg="0" ContainP="0" ContainTable="false" Content="Recharge now " DOMCldNum="2" DoC="10" FontSize="13" FontWeight="normal" FrameSourceIndex="0" ID="1-4-3" IsImg="false" LinkTextLen="12" ObjectRectHeight="39" ObjectRectLeft="0" ObjectRectTop="4175" ObjectRectWidth="1239" SRC="&lt;a class=&quot;a-link-normal see-more truncate-1line&quot; href=&quot;/b?node=14074947031&amp;amp;pf_rd_p=ed473101-d8e4-4520-82d1-62cbb2a6f3e0&amp;amp;pf_rd_r=6ZSDRK21SC0P4BE0PQVY&quot;&gt;Recharge now&lt;/a&gt;" SourceIndex="1006" TextLen="12" order="42"/>
</LayoutNode>
<LayoutNode BgColor="#ffffff" ContainImg="0" ContainP="0" ContainTable="false" Content="Today's Deals See all deals " DOMCldNum="3" DoC="9" FontSize="21" FontWeight="normal" FrameSourceIndex="0" ID="1-5" IsImg="false" LinkTextLen="13" ObjectRectHeight="38" ObjectRectLeft="0" ObjectRectTop="4234" ObjectRectWidth="1239" SRC="&lt;span class=&quot;a-color-base&quot;&gt;&#13;     Today's Deals&#13;     &lt;/span&gt;&lt;a aria-label=&quot;See all deals&quot; class=&quot;a-link-normal&quot; href=&quot;https://www.amazon.in:443/gp/redirect.html/ref=nav_topnav_deals/259-0545319-7014768?ie=UTF8&amp;amp;location=https%3A%2F%2Fwww.amazon.in%2Fgp%2Fgoldbox%3Fref%3Dnav_topnav_deals&amp;amp;source=standards&amp;amp;token=424D76FECCE2750383DF164C0AFF493CF1988B05&amp;amp;pf_rd_m=A1VBAL9TL5WCBF&amp;amp;pf_rd_s=&amp;amp;pf_rd_r=6ZSDRK21SC0P4BE0PQVY&amp;amp;pf_rd_t=36701&amp;amp;pf_rd_p=f95da220-61b1-46de-b3bd-3f0c26f2f27c&amp;amp;pf_rd_i=desktop&quot; target=&quot;_blank&quot;&gt;&#13;  &#13;  See all deals&#13;&#13;&lt;/a&gt;" SourceIndex="1094" TextLen="26" order="43"/>
<LayoutNode BgColor="#ffffff" ContainImg="12" ContainP="0" ContainTable="false" DOMCldNum="2" DoC="7" FontSize="21" FontWeight="normal" FrameSourceIndex="0" ID="1-6" IsImg="false" LinkTextLen="8" ObjectRectHeight="238" ObjectRectLeft="0" ObjectRectTop="4621" ObjectRectWidth="1239" SourceIndex="1359" TextLen="41" order="44">
<LayoutNode BgColor="#ffffff" ContainImg="0" ContainP="0" ContainTable="false" Content="Latest Literature &amp; Fiction books See more " DOMCldNum="2" DoC="10" FontSize="21" FontWeight="normal" FrameSourceIndex="0" ID="1-6-1" IsImg="false" LinkTextLen="8" ObjectRectHeight="38" ObjectRectLeft="0" ObjectRectTop="4621" ObjectRectWidth="1239" SRC="&lt;span class=&quot;a-color-base&quot;&gt;Latest Literature &amp;amp; Fiction books&lt;/span&gt;&lt;a aria-label=&quot;See more&quot; class=&quot;a-link-normal&quot; href=&quot;/s?rh=i%3Astripbooks%2Cn%3A976389031%2Cn%3A%21976390031%2Cn%3A1318157031%2Cp_n_availability%3A1318484031%2Cp_85%3A10440599031%2Cp_n_publication_date%3A2684819031&amp;amp;bbn=1318157031&amp;amp;ie=UTF8&amp;amp;pd_rd_w=cqYcZ&amp;amp;pf_rd_p=6c900da5-24e9-4d57-8a7f-efb537d9a02a&amp;amp;pf_rd_r=e3e2e8cc-1e66-4af1-8636-d38e10b38c68&amp;amp;pd_rd_r=e3e2e8cc-1e66-4af1-8636-d38e10b38c68&amp;amp;pd_rd_wg=aHRcB&amp;amp;ref_=pd_gw_unk&quot;&gt;See more &lt;/a&gt;" SourceIndex="1359" TextLen="41" order="45"/>
<LayoutNode BgColor="#ffffff" ContainImg="12" ContainP="0" ContainTable="false" DOMCldNum="1" DoC="8" FontSize="13" FontWeight="normal" FrameSourceIndex="0" ID="1-6-2" IsImg="false" LinkTextLen="0" ObjectRectHeight="90" ObjectRectLeft="0" ObjectRectTop="4769" ObjectRectWidth="1239" SourceIndex="1375" TextLen="0" order="46">
<LayoutNode BgColor="#ffffff" ContainImg="2" ContainP="0" ContainTable="false" Content=" " DOMCldNum="1" DoC="8" FontSize="13" FontWeight="normal" FrameSourceIndex="0" ID="1-6-2-1" IsImg="true" LinkTextLen="0" ObjectRectHeight="90" ObjectRectLeft="0" ObjectRectTop="4769" ObjectRectWidth="185" SRC="&lt;img alt=&quot;Fantastic Beasts: The Crimes of Grindelwald: The Original Screenplay (Fantastic Beasts/Grindelwald)&quot; class=&quot;product-image&quot; data-a-hires=&quot;https://images-eu.ssl-images-amazon.com/images/I/91xF+OCIAML._AC_SY400_.jpg&quot; height=&quot;200px&quot; src=&quot;https://images-eu.ssl-images-amazon.com/images/I/91xF+OCIAML._AC_SY200_.jpg&quot;/&gt;" SourceIndex="3982" TextLen="0" order="47"/>
<LayoutNode BgColor="#ffffff" ContainImg="2" ContainP="0" ContainTable="false" Content=" " DOMCldNum="1" DoC="8" FontSize="13" FontWeight="normal" FrameSourceIndex="0" ID="1-6-2-2" IsImg="true" LinkTextLen="0" ObjectRectHeight="90" ObjectRectLeft="199" ObjectRectTop="4769" ObjectRectWidth="145" SRC="&lt;img alt=&quot;Origin (Robert Langdon)&quot; class=&quot;product-image&quot; data-a-hires=&quot;https://images-eu.ssl-images-amazon.com/images/I/91l5Q1jwBOL._AC_SY400_.jpg&quot; height=&quot;200px&quot; src=&quot;https://images-eu.ssl-images-amazon.com/images/I/91l5Q1jwBOL._AC_SY200_.jpg&quot;/&gt;" SourceIndex="3988" TextLen="0" order="48"/>
<LayoutNode BgColor="#ffffff" ContainImg="2" ContainP="0" ContainTable="false" Content=" " DOMCldNum="1" DoC="8" FontSize="13" FontWeight="normal" FrameSourceIndex="0" ID="1-6-2-3" IsImg="true" LinkTextLen="0" ObjectRectHeight="90" ObjectRectLeft="358" ObjectRectTop="4769" ObjectRectWidth="145" SRC="&lt;img alt=&quot;Satyayoddha Kalki: Eye of Brahma (Book 2)&quot; class=&quot;product-image&quot; data-a-hires=&quot;https://images-eu.ssl-images-amazon.com/images/I/71HCjUC7FlL._AC_SY400_.jpg&quot; height=&quot;200px&quot; src=&quot;https://images-eu.ssl-images-amazon.com/images/I/71HCjUC7FlL._AC_SY200_.jpg&quot;/&gt;" SourceIndex="3994" TextLen="0" order="49"/>
<LayoutNode BgColor="#ffffff" ContainImg="2" ContainP="0" ContainTable="false" Content=" " DOMCldNum="1" DoC="8" FontSize="13" FontWeight="normal" FrameSourceIndex="0" ID="1-6-2-4" IsImg="true" LinkTextLen="0" ObjectRectHeight="90" ObjectRectLeft="517" ObjectRectTop="4769" ObjectRectWidth="145" SRC="&lt;img alt=&quot;Vanara: The Legend of Baali, Sugreeva and Tara&quot; class=&quot;product-image&quot; data-a-hires=&quot;https://images-eu.ssl-images-amazon.com/images/I/51DxXwIVSKL._AC_SY400_.jpg&quot; height=&quot;200px&quot; src=&quot;https://images-eu.ssl-images-amazon.com/images/I/51DxXwIVSKL._AC_SY200_.jpg&quot;/&gt;" SourceIndex="4000" TextLen="0" order="50"/>
<LayoutNode BgColor="#ffffff" ContainImg="2" ContainP="0" ContainTable="false" Content=" " DOMCldNum="1" DoC="8" FontSize="13" FontWeight="normal" FrameSourceIndex="0" ID="1-6-2-5" IsImg="true" LinkTextLen="0" ObjectRectHeight="90" ObjectRectLeft="676" ObjectRectTop="4769" ObjectRectWidth="145" SRC="&lt;img alt=&quot;Milkman&quot; class=&quot;product-image&quot; data-a-hires=&quot;https://images-eu.ssl-images-amazon.com/images/I/71sA5hR-NGL._AC_SY400_.jpg&quot; height=&quot;200px&quot; src=&quot;https://images-eu.ssl-images-amazon.com/images/I/71sA5hR-NGL._AC_SY200_.jpg&quot;/&gt;" SourceIndex="4006" TextLen="0" order="51"/>
<LayoutNode BgColor="#ffffff" ContainImg="2" ContainP="0" ContainTable="false" Content=" " DOMCldNum="1" DoC="8" FontSize="13" FontWeight="normal" FrameSourceIndex="0" ID="1-6-2-6" IsImg="true" LinkTextLen="0" ObjectRectHeight="90" ObjectRectLeft="835" ObjectRectTop="4769" ObjectRectWidth="404" SRC="&lt;img alt=&quot;Past Tense (Jack Reacher #23)&quot; class=&quot;product-image&quot; data-a-hires=&quot;https://images-eu.ssl-images-amazon.com/images/I/814u6LwRX-L._AC_SY400_.jpg&quot; height=&quot;200px&quot; src=&quot;https://images-eu.ssl-images-amazon.com/images/I/814u6LwRX-L._AC_SY200_.jpg&quot;/&gt;" SourceIndex="4012" TextLen="0" order="52"/>
</LayoutNode>
</LayoutNode>
<LayoutNode BgColor="#ffffff" ContainImg="4" ContainP="0" ContainTable="false" DOMCldNum="1" DoC="8" FontSize="13" FontWeight="normal" FrameSourceIndex="0" ID="1-7" IsImg="false" LinkTextLen="0" ObjectRectHeight="244" ObjectRectLeft="0" ObjectRectTop="4929" ObjectRectWidth="1239" SourceIndex="1461" TextLen="0" order="53">
<LayoutNode BgColor="#ffffff" ContainImg="2" ContainP="0" ContainTable="false" Content=" " DOMCldNum="1" DoC="8" FontSize="13" FontWeight="normal" FrameSourceIndex="0" ID="1-7-1" IsImg="true" LinkTextLen="0" ObjectRectHeight="244" ObjectRectLeft="0" ObjectRectTop="4929" ObjectRectWidth="484" SRC="&lt;img alt=&quot;Up to 50% off safety products&quot; data-a-hires=&quot;https://images-eu.ssl-images-amazon.com/images/G/31/img18/Biss/GW/1136649_BISS_SEP18_BB_PC_1320x600_07_1537442444._UX880_SX880_CB481814425_.jpg&quot; height=&quot;100%&quot; src=&quot;https://images-eu.ssl-images-amazon.com/images/G/31/img18/Biss/GW/1136649_BISS_SEP18_BB_PC_1320x600_07_1537442444._UX440_SX440_CB481814425_.jpg&quot; width=&quot;440px&quot;/&gt;" SourceIndex="4068" TextLen="0" order="54"/>
<LayoutNode BgColor="#ffffff" ContainImg="2" ContainP="0" ContainTable="false" Content=" " DOMCldNum="1" DoC="8" FontSize="13" FontWeight="normal" FrameSourceIndex="0" ID="1-7-2" IsImg="true" LinkTextLen="0" ObjectRectHeight="244" ObjectRectLeft="533" ObjectRectTop="4929" ObjectRectWidth="706" SRC="&lt;img alt=&quot;Upto 60: Kitchen &amp;amp; dining&quot; data-a-hires=&quot;https://images-eu.ssl-images-amazon.com/images/G/31/IN-hq/2018/img/Kitchen/XCM_Manual_1152308_winteressentials_PCBB_CC_bakeware_1320x600_Kitchen_1152308_1320x600_3_1544100193_jpg._UX880_SX880_CB461116122_.jpg&quot; height=&quot;100%&quot; src=&quot;https://images-eu.ssl-images-amazon.com/images/G/31/IN-hq/2018/img/Kitchen/XCM_Manual_1152308_winteressentials_PCBB_CC_bakeware_1320x600_Kitchen_1152308_1320x600_3_1544100193_jpg._UX440_SX440_CB461116122_.jpg&quot; width=&quot;440px&quot;/&gt;" SourceIndex="4083" TextLen="0" order="55"/>
</LayoutNode>
<LayoutNode BgColor="#ffffff" ContainImg="12" ContainP="0" ContainTable="false" DOMCldNum="2" DoC="7" FontSize="21" FontWeight="normal" FrameSourceIndex="0" ID="1-8" IsImg="false" LinkTextLen="8" ObjectRectHeight="238" ObjectRectLeft="0" ObjectRectTop="5233" ObjectRectWidth="1239" SourceIndex="1492" TextLen="60" order="56">
<LayoutNode BgColor="#ffffff" ContainImg="0" ContainP="0" ContainTable="false" Content="Men's watches: Up to 80% off + Extra ₹1000 cashback* See more " DOMCldNum="2" DoC="10" FontSize="21" FontWeight="normal" FrameSourceIndex="0" ID="1-8-1" IsImg="false" LinkTextLen="8" ObjectRectHeight="35" ObjectRectLeft="0" ObjectRectTop="5233" ObjectRectWidth="1239" SRC="&lt;span class=&quot;a-color-base&quot;&gt;Men's watches: Up to 80% off + Extra ₹1000 cashback*&lt;/span&gt;&lt;a aria-label=&quot;See more&quot; class=&quot;a-link-normal&quot; href=&quot;/s?rh=i%3Awatches%2Cn%3A1350387031%2Cn%3A%211350388031%2Cn%3A2563504031%2Cp_98%3A10440597031%2Cp_n_pct-off-with-tax%3A2665399031&amp;amp;bbn=2563504031&amp;amp;hidden-keywords=-girl&amp;amp;ie=UTF8&amp;amp;pd_rd_w=FCQ0C&amp;amp;pf_rd_p=3e34d6dc-20ba-403c-b89a-86066bdfedf6&amp;amp;pf_rd_r=e3e2e8cc-1e66-4af1-8636-d38e10b38c68&amp;amp;pd_rd_r=e3e2e8cc-1e66-4af1-8636-d38e10b38c68&amp;amp;pd_rd_wg=aHRcB&amp;amp;ref_=pd_gw_unk&quot;&gt;See more &lt;/a&gt;" SourceIndex="1492" TextLen="60" order="57"/>
<LayoutNode BgColor="#ffffff" ContainImg="12" ContainP="0" ContainTable="false" DOMCldNum="1" DoC="8" FontSize="13" FontWeight="normal" FrameSourceIndex="0" ID="1-8-2" IsImg="false" LinkTextLen="0" ObjectRectHeight="90" ObjectRectLeft="0" ObjectRectTop="5381" ObjectRectWidth="1239" SourceIndex="1508" TextLen="0" order="58">
<LayoutNode BgColor="#ffffff" ContainImg="2" ContainP="0" ContainTable="false" Content=" " DOMCldNum="1" DoC="8" FontSize="13" FontWeight="normal" FrameSourceIndex="0" ID="1-8-2-1" IsImg="true" LinkTextLen="0" ObjectRectHeight="90" ObjectRectLeft="0" ObjectRectTop="5381" ObjectRectWidth="185" SRC="&lt;img alt=&quot;Titan Regalia Chronograph Analog Silver Dial Men's Watch -NK9308BM01&quot; class=&quot;product-image&quot; data-a-hires=&quot;https://images-eu.ssl-images-amazon.com/images/I/81GQjK2ywpL._AC_SY400_.jpg&quot; height=&quot;200px&quot; src=&quot;https://images-eu.ssl-images-amazon.com/images/I/81GQjK2ywpL._AC_SY200_.jpg&quot;/&gt;" SourceIndex="4115" TextLen="0" order="59"/>
<LayoutNode BgColor="#ffffff" ContainImg="2" ContainP="0" ContainTable="false" Content=" " DOMCldNum="1" DoC="8" FontSize="13" FontWeight="normal" FrameSourceIndex="0" ID="1-8-2-2" IsImg="true" LinkTextLen="0" ObjectRectHeight="90" ObjectRectLeft="199" ObjectRectTop="5381" ObjectRectWidth="145" SRC="&lt;img alt=&quot;Fastrack Reflex Smartwatch Band Digital Black Dial Unisex Watch-SWD90059PP03&quot; class=&quot;product-image&quot; data-a-hires=&quot;https://images-eu.ssl-images-amazon.com/images/I/81jFnIv5MKL._AC_SY400_.jpg&quot; height=&quot;200px&quot; src=&quot;https://images-eu.ssl-images-amazon.com/images/I/81jFnIv5MKL._AC_SY200_.jpg&quot;/&gt;" SourceIndex="4121" TextLen="0" order="60"/>
<LayoutNode BgColor="#ffffff" ContainImg="2" ContainP="0" ContainTable="false" Content=" " DOMCldNum="1" DoC="8" FontSize="13" FontWeight="normal" FrameSourceIndex="0" ID="1-8-2-3" IsImg="true" LinkTextLen="0" ObjectRectHeight="90" ObjectRectLeft="358" ObjectRectTop="5381" ObjectRectWidth="145" SRC="&lt;img alt=&quot;Fossil Explorist Analog-Digital Black Dial Men's Watch - FTW4002&quot; class=&quot;product-image&quot; data-a-hires=&quot;https://images-eu.ssl-images-amazon.com/images/I/61rPHfR6c5L._AC_SY400_.jpg&quot; height=&quot;200px&quot; src=&quot;https://images-eu.ssl-images-amazon.com/images/I/61rPHfR6c5L._AC_SY200_.jpg&quot;/&gt;" SourceIndex="4127" TextLen="0" order="61"/>
<LayoutNode BgColor="#ffffff" ContainImg="2" ContainP="0" ContainTable="false" Content=" " DOMCldNum="1" DoC="8" FontSize="13" FontWeight="normal" FrameSourceIndex="0" ID="1-8-2-4" IsImg="true" LinkTextLen="0" ObjectRectHeight="90" ObjectRectLeft="517" ObjectRectTop="5381" ObjectRectWidth="145" SRC="&lt;img alt=&quot;Timex Analog Blue Dial Men's Watch-TW00ZR262E&quot; class=&quot;product-image&quot; data-a-hires=&quot;https://images-eu.ssl-images-amazon.com/images/I/81ieeJoiVnL._AC_SY400_.jpg&quot; height=&quot;200px&quot; src=&quot;https://images-eu.ssl-images-amazon.com/images/I/81ieeJoiVnL._AC_SY200_.jpg&quot;/&gt;" SourceIndex="4133" TextLen="0" order="62"/>
<LayoutNode BgColor="#ffffff" ContainImg="2" ContainP="0" ContainTable="false" Content=" " DOMCldNum="1" DoC="8" FontSize="13" FontWeight="normal" FrameSourceIndex="0" ID="1-8-2-5" IsImg="true" LinkTextLen="0" ObjectRectHeight="90" ObjectRectLeft="676" ObjectRectTop="5381" ObjectRectWidth="145" SRC="&lt;img alt=&quot;Fossil Analog Blue Dial Men's Watch-BQ2311&quot; class=&quot;product-image&quot; data-a-hires=&quot;https://images-eu.ssl-images-amazon.com/images/I/91ztyvfMOIL._AC_SY400_.jpg&quot; height=&quot;200px&quot; src=&quot;https://images-eu.ssl-images-amazon.com/images/I/91ztyvfMOIL._AC_SY200_.jpg&quot;/&gt;" SourceIndex="4139" TextLen="0" order="63"/>
<LayoutNode BgColor="#ffffff" ContainImg="2" ContainP="0" ContainTable="false" Content=" " DOMCldNum="1" DoC="8" FontSize="13" FontWeight="normal" FrameSourceIndex="0" ID="1-8-2-6" IsImg="true" LinkTextLen="0" ObjectRectHeight="90" ObjectRectLeft="835" ObjectRectTop="5381" ObjectRectWidth="404" SRC="&lt;img alt=&quot;Titan Neo Analog Champagne Dial Men's Watch - 1766SL01&quot; class=&quot;product-image&quot; data-a-hires=&quot;https://images-eu.ssl-images-amazon.com/images/I/91tUXGk34AL._AC_SY400_.jpg&quot; height=&quot;200px&quot; src=&quot;https://images-eu.ssl-images-amazon.com/images/I/91tUXGk34AL._AC_SY200_.jpg&quot;/&gt;" SourceIndex="4145" TextLen="0" order="64"/>
</LayoutNode>
</LayoutNode>
<LayoutNode BgColor="#ffffff" ContainImg="0" ContainP="0" ContainTable="false" Content="Kaspersky antivirus: Digitally delivered in 6 hours See more " DOMCldNum="2" DoC="10" FontSize="21" FontWeight="normal" FrameSourceIndex="0" ID="1-9" IsImg="false" LinkTextLen="8" ObjectRectHeight="38" ObjectRectLeft="0" ObjectRectTop="5541" ObjectRectWidth="1239" SRC="&lt;span class=&quot;a-color-base&quot;&gt;Kaspersky antivirus: Digitally delivered in 6 hours&lt;/span&gt;&lt;a aria-label=&quot;See more&quot; class=&quot;a-link-normal&quot; href=&quot;/s/ref=pc_shov-dig-KP?rh=i%3Asoftware%2Cn%3A976451031%2Cn%3A%211499782031%2Cn%3A%211499784031%2Cn%3A14611368031%2Cp_89%3AKaspersky&amp;amp;bbn=14611368031&amp;amp;rw_html_to_wsrp=1&amp;amp;pd_rd_w=6YD22&amp;amp;pf_rd_p=25d7a169-121e-45a0-8acd-3318781d1df3&amp;amp;pf_rd_r=e3e2e8cc-1e66-4af1-8636-d38e10b38c68&amp;amp;pd_rd_r=e3e2e8cc-1e66-4af1-8636-d38e10b38c68&amp;amp;pd_rd_wg=aHRcB&amp;amp;ref_=pd_gw_unk&quot;&gt;See more &lt;/a&gt;" SourceIndex="1586" TextLen="59" order="65"/>
<LayoutNode BgColor="#ffffff" ContainImg="4" ContainP="0" ContainTable="false" DOMCldNum="1" DoC="8" FontSize="13" FontWeight="normal" FrameSourceIndex="0" ID="1-10" IsImg="false" LinkTextLen="0" ObjectRectHeight="244" ObjectRectLeft="0" ObjectRectTop="5929" ObjectRectWidth="1239" SourceIndex="1700" TextLen="0" order="66">
<LayoutNode BgColor="#ffffff" ContainImg="2" ContainP="0" ContainTable="false" Content=" " DOMCldNum="1" DoC="8" FontSize="13" FontWeight="normal" FrameSourceIndex="0" ID="1-10-1" IsImg="true" LinkTextLen="0" ObjectRectHeight="244" ObjectRectLeft="0" ObjectRectTop="5929" ObjectRectWidth="484" SRC="&lt;img alt=&quot;Phones under 15k&quot; data-a-hires=&quot;https://images-eu.ssl-images-amazon.com/images/G/31/Content/GW/Grid25BB/phones_under15k._UX880_SX880_CB459832339_.jpg&quot; height=&quot;100%&quot; src=&quot;https://images-eu.ssl-images-amazon.com/images/G/31/Content/GW/Grid25BB/phones_under15k._UX440_SX440_CB459832339_.jpg&quot; width=&quot;440px&quot;/&gt;" SourceIndex="4307" TextLen="0" order="67"/>
<LayoutNode BgColor="#ffffff" ContainImg="2" ContainP="0" ContainTable="false" Content=" " DOMCldNum="1" DoC="8" FontSize="13" FontWeight="normal" FrameSourceIndex="0" ID="1-10-2" IsImg="true" LinkTextLen="0" ObjectRectHeight="244" ObjectRectLeft="533" ObjectRectTop="5929" ObjectRectWidth="706" SRC="&lt;img alt=&quot;Kids' Clothing: Up to 70% off&quot; data-a-hires=&quot;https://images-eu.ssl-images-amazon.com/images/G/31/img18/apparel/KA/Events/WRS-Dec/GW/PC-billboard/880x400_kids._CB459616407_.jpg&quot; height=&quot;100%&quot; src=&quot;https://images-eu.ssl-images-amazon.com/images/G/31/img18/apparel/KA/Events/WRS-Dec/GW/PC-billboard/440x200_kids._CB459616404_.jpg&quot; width=&quot;440px&quot;/&gt;" SourceIndex="4322" TextLen="0" order="68"/>
</LayoutNode>
<LayoutNode BgColor="#ffffff" ContainImg="0" ContainP="0" ContainTable="false" Content="Up to 30% Off : Sweets, chocolates and more See more " DOMCldNum="2" DoC="10" FontSize="21" FontWeight="normal" FrameSourceIndex="0" ID="1-11" IsImg="false" LinkTextLen="8" ObjectRectHeight="38" ObjectRectLeft="0" ObjectRectTop="6233" ObjectRectWidth="1239" SRC="&lt;span class=&quot;a-color-base&quot;&gt;Up to 30% Off : Sweets, chocolates and more&lt;/span&gt;&lt;a aria-label=&quot;See more&quot; class=&quot;a-link-normal&quot; href=&quot;/b/ref=bij_groc?ie=UTF8&amp;amp;node=4859499031&amp;amp;pd_rd_w=xybbG&amp;amp;pf_rd_p=45c806b3-03c0-4636-a7af-41ffd505e299&amp;amp;pf_rd_r=e3e2e8cc-1e66-4af1-8636-d38e10b38c68&amp;amp;pd_rd_r=e3e2e8cc-1e66-4af1-8636-d38e10b38c68&amp;amp;pd_rd_wg=aHRcB&amp;amp;ref_=pd_gw_unk&quot;&gt;See more &lt;/a&gt;" SourceIndex="1731" TextLen="51" order="69"/>
<LayoutNode BgColor="#ffffff" ContainImg="0" ContainP="0" ContainTable="false" Content="Bedsheets starting from Rs. 449 See more " DOMCldNum="2" DoC="10" FontSize="21" FontWeight="normal" FrameSourceIndex="0" ID="1-12" IsImg="false" LinkTextLen="8" ObjectRectHeight="38" ObjectRectLeft="0" ObjectRectTop="6541" ObjectRectWidth="1239" SRC="&lt;span class=&quot;a-color-base&quot;&gt;Bedsheets starting from Rs. 449&lt;/span&gt;&lt;a aria-label=&quot;See more&quot; class=&quot;a-link-normal&quot; href=&quot;/s?rh=i%3Akitchen%2Cn%3A976442031%2Cn%3A%21976443031%2Cn%3A1380442031%2Cn%3A1380447031%2Cn%3A1380460031%2Cp_85%3A10440599031%2Cp_36%3A29900-99999999&amp;amp;bbn=1380460031&amp;amp;ie=UTF8&amp;amp;lo=kitchen&amp;amp;pd_rd_w=tc5Y4&amp;amp;pf_rd_p=acfc4704-a9f7-45c0-a3d6-f57afddee3dc&amp;amp;pf_rd_r=e3e2e8cc-1e66-4af1-8636-d38e10b38c68&amp;amp;pd_rd_r=e3e2e8cc-1e66-4af1-8636-d38e10b38c68&amp;amp;pd_rd_wg=aHRcB&amp;amp;ref_=pd_gw_unk&quot;&gt;See more &lt;/a&gt;" SourceIndex="1825" TextLen="39" order="70"/>
<LayoutNode BgColor="#ffffff" ContainImg="4" ContainP="0" ContainTable="false" DOMCldNum="1" DoC="8" FontSize="13" FontWeight="normal" FrameSourceIndex="0" ID="1-13" IsImg="false" LinkTextLen="0" ObjectRectHeight="244" ObjectRectLeft="0" ObjectRectTop="6849" ObjectRectWidth="1239" SourceIndex="1927" TextLen="0" order="71">
<LayoutNode BgColor="#ffffff" ContainImg="2" ContainP="0" ContainTable="false" Content=" " DOMCldNum="1" DoC="8" FontSize="13" FontWeight="normal" FrameSourceIndex="0" ID="1-13-1" IsImg="true" LinkTextLen="0" ObjectRectHeight="244" ObjectRectLeft="0" ObjectRectTop="6849" ObjectRectWidth="484" SRC="&lt;img alt=&quot;40% - 70% off travel luggage&quot; data-a-hires=&quot;https://images-eu.ssl-images-amazon.com/images/G/31/img18/Luggage/Dec/WRS4/GW/PCBB2x._CB460017000_.jpg&quot; height=&quot;100%&quot; src=&quot;https://images-eu.ssl-images-amazon.com/images/G/31/img18/Luggage/Dec/WRS4/GW/PCBB1x._CB460017000_.jpg&quot; width=&quot;440px&quot;/&gt;" SourceIndex="4534" TextLen="0" order="72"/>
<LayoutNode BgColor="#ffffff" ContainImg="2" ContainP="0" ContainTable="false" Content=" " DOMCldNum="1" DoC="8" FontSize="13" FontWeight="normal" FrameSourceIndex="0" ID="1-13-2" IsImg="true" LinkTextLen="0" ObjectRectHeight="244" ObjectRectLeft="533" ObjectRectTop="6849" ObjectRectWidth="706" SRC="&lt;img alt=&quot;Health care devices&quot; data-a-hires=&quot;https://images-eu.ssl-images-amazon.com/images/G/31/img18/PCA/Gateway/hcd_billboard._UX880_SX880_CB486451812_.jpg&quot; height=&quot;100%&quot; src=&quot;https://images-eu.ssl-images-amazon.com/images/G/31/img18/PCA/Gateway/hcd_billboard._UX440_SX440_CB486451812_.jpg&quot; width=&quot;440px&quot;/&gt;" SourceIndex="4549" TextLen="0" order="73"/>
</LayoutNode>
<LayoutNode BgColor="#ffffff" ContainImg="8" ContainP="0" ContainTable="false" DOMCldNum="2" DoC="7" FontSize="21" FontWeight="normal" FrameSourceIndex="0" ID="1-14" IsImg="false" LinkTextLen="8" ObjectRectHeight="268" ObjectRectLeft="0" ObjectRectTop="7143" ObjectRectWidth="1239" SourceIndex="1959" TextLen="29" order="74">
<LayoutNode BgColor="#ffffff" ContainImg="0" ContainP="0" ContainTable="false" Content="Samsung basic mobiles See more " DOMCldNum="2" DoC="10" FontSize="21" FontWeight="normal" FrameSourceIndex="0" ID="1-14-1" IsImg="false" LinkTextLen="8" ObjectRectHeight="48" ObjectRectLeft="0" ObjectRectTop="7143" ObjectRectWidth="1239" SRC="&lt;span class=&quot;a-color-base&quot;&gt;Samsung basic mobiles&lt;/span&gt;&lt;a aria-label=&quot;See more&quot; class=&quot;a-link-normal&quot; href=&quot;/s?rh=i%3Aelectronics%2Cn%3A976419031%2Cn%3A%21976420031%2Cn%3A1389401031%2Cn%3A1389432031%2Cn%3A1805559031%2Cp_89%3ASamsung&amp;amp;bbn=1805559031&amp;amp;ie=UTF8&amp;amp;pd_rd_w=hpqR4&amp;amp;pf_rd_p=d7c857f9-af47-4ea9-986e-a95ba2fd9579&amp;amp;pf_rd_r=e3e2e8cc-1e66-4af1-8636-d38e10b38c68&amp;amp;pd_rd_r=e3e2e8cc-1e66-4af1-8636-d38e10b38c68&amp;amp;pd_rd_wg=aHRcB&amp;amp;ref_=pd_gw_unk&quot;&gt;See more &lt;/a&gt;" SourceIndex="1959" TextLen="29" order="75"/>
<LayoutNode BgColor="#ffffff" ContainImg="8" ContainP="0" ContainTable="false" DOMCldNum="1" DoC="8" FontSize="13" FontWeight="normal" FrameSourceIndex="0" ID="1-14-2" IsImg="false" LinkTextLen="0" ObjectRectHeight="110" ObjectRectLeft="0" ObjectRectTop="7301" ObjectRectWidth="1239" SourceIndex="1975" TextLen="0" order="76">
<LayoutNode BgColor="#ffffff" ContainImg="2" ContainP="0" ContainTable="false" Content=" " DOMCldNum="1" DoC="8" FontSize="13" FontWeight="normal" FrameSourceIndex="0" ID="1-14-2-1" IsImg="true" LinkTextLen="0" ObjectRectHeight="110" ObjectRectLeft="0" ObjectRectTop="7301" ObjectRectWidth="185" SRC="&lt;img alt=&quot;Samsung Guru Music 2 (SM-B310E, Blue)&quot; class=&quot;product-image&quot; data-a-hires=&quot;https://images-eu.ssl-images-amazon.com/images/I/413gDqZ10JL._AC_SY400_.jpg&quot; height=&quot;200px&quot; src=&quot;https://images-eu.ssl-images-amazon.com/images/I/413gDqZ10JL._AC_SY200_.jpg&quot;/&gt;" SourceIndex="4582" TextLen="0" order="77"/>
<LayoutNode BgColor="#ffffff" ContainImg="2" ContainP="0" ContainTable="false" Content=" " DOMCldNum="1" DoC="8" FontSize="13" FontWeight="normal" FrameSourceIndex="0" ID="1-14-2-2" IsImg="true" LinkTextLen="0" ObjectRectHeight="110" ObjectRectLeft="199" ObjectRectTop="7301" ObjectRectWidth="145" SRC="&lt;img alt=&quot;Samsung Guru 1200(GT-E1200, Black)&quot; class=&quot;product-image&quot; data-a-hires=&quot;https://images-eu.ssl-images-amazon.com/images/I/81lO53zfDDL._AC_SY400_.jpg&quot; height=&quot;200px&quot; src=&quot;https://images-eu.ssl-images-amazon.com/images/I/81lO53zfDDL._AC_SY200_.jpg&quot;/&gt;" SourceIndex="4588" TextLen="0" order="78"/>
<LayoutNode BgColor="#ffffff" ContainImg="2" ContainP="0" ContainTable="false" Content=" " DOMCldNum="1" DoC="8" FontSize="13" FontWeight="normal" FrameSourceIndex="0" ID="1-14-2-3" IsImg="true" LinkTextLen="0" ObjectRectHeight="110" ObjectRectLeft="358" ObjectRectTop="7301" ObjectRectWidth="145" SRC="&lt;img alt=&quot;Samsung Guru 1200 (GT-E1200, Indigo Blue)&quot; class=&quot;product-image&quot; data-a-hires=&quot;https://images-eu.ssl-images-amazon.com/images/I/61-xdGQSq4L._AC_SY400_.jpg&quot; height=&quot;200px&quot; src=&quot;https://images-eu.ssl-images-amazon.com/images/I/61-xdGQSq4L._AC_SY200_.jpg&quot;/&gt;" SourceIndex="4594" TextLen="0" order="79"/>
<LayoutNode BgColor="#ffffff" ContainImg="2" ContainP="0" ContainTable="false" Content=" " DOMCldNum="1" DoC="8" FontSize="13" FontWeight="normal" FrameSourceIndex="0" ID="1-14-2-4" IsImg="true" LinkTextLen="0" ObjectRectHeight="110" ObjectRectLeft="517" ObjectRectTop="7301" ObjectRectWidth="722" SRC="&lt;img alt=&quot;Samsung Guru 1200 (GT-E1200, White)&quot; class=&quot;product-image&quot; data-a-hires=&quot;https://images-eu.ssl-images-amazon.com/images/I/417VlC+AqLL._AC_SY400_.jpg&quot; height=&quot;200px&quot; src=&quot;https://images-eu.ssl-images-amazon.com/images/I/417VlC+AqLL._AC_SY200_.jpg&quot;/&gt;" SourceIndex="4600" TextLen="0" order="80"/>
</LayoutNode>
</LayoutNode>
<LayoutNode BgColor="#ffffff" ContainImg="0" ContainP="0" ContainTable="false" Content="Back to top " DOMCldNum="1" DoC="10" FontSize="13" FontWeight="normal" FrameSourceIndex="0" ID="1-15" IsImg="false" LinkTextLen="0" ObjectRectHeight="49" ObjectRectLeft="0" ObjectRectTop="7465" ObjectRectWidth="1239" SRC="&lt;span class=&quot;navFooterBackToTopText&quot;&gt;Back to top&lt;/span&gt;" SourceIndex="2274" TextLen="11" order="81"/>
<LayoutNode BgColor="#ffffff" ContainImg="0" ContainP="0" ContainTable="false" DOMCldNum="2" DoC="7" FontSize="16" FontWeight="normal" FrameSourceIndex="0" ID="1-16" IsImg="false" LinkTextLen="274" ObjectRectHeight="210" ObjectRectLeft="0" ObjectRectTop="7554" ObjectRectWidth="1239" SourceIndex="2279" TextLen="336" order="82">
<LayoutNode BgColor="#ffffff" ContainImg="0" ContainP="0" ContainTable="false" Content="Get to Know Us About Us Careers Press Releases Amazon Cares Gift a Smile " DOMCldNum="2" DoC="10" FontSize="16" FontWeight="normal" FrameSourceIndex="0" ID="1-16-1" IsImg="false" LinkTextLen="53" ObjectRectHeight="210" ObjectRectLeft="0" ObjectRectTop="7554" ObjectRectWidth="165" SRC="&lt;div class=&quot;navFooterColHead&quot;&gt;Get to Know Us&lt;/div&gt;&lt;a class=&quot;nav_a&quot; href=&quot;https://www.aboutamazon.in/?utm_source=gateway&amp;amp;utm_medium=footer&quot;&gt;About Us&lt;/a&gt;&lt;a class=&quot;nav_a&quot; href=&quot;http://amazon.jobs&quot;&gt;Careers&lt;/a&gt;&lt;a class=&quot;nav_a&quot; href=&quot;/b/ref=footer_press?ie=UTF8&amp;amp;node=1592137031&quot;&gt;Press Releases&lt;/a&gt;&lt;a class=&quot;nav_a&quot; href=&quot;/b/ref=footer_cares?ie=UTF8&amp;amp;node=8872558031&quot;&gt;Amazon Cares&lt;/a&gt;&lt;a class=&quot;nav_a&quot; href=&quot;/Online-Charity/b/ref=footer_smile?ie=UTF8&amp;amp;node=4594605031&quot;&gt;Gift a Smile&lt;/a&gt;" SourceIndex="2279" TextLen="67" order="83"/>
<LayoutNode BgColor="#ffffff" ContainImg="0" ContainP="0" ContainTable="false" Content="Connect with Us Facebook Twitter Instagram " DOMCldNum="2" DoC="10" FontSize="16" FontWeight="normal" FrameSourceIndex="0" ID="1-16-2" IsImg="false" LinkTextLen="24" ObjectRectHeight="210" ObjectRectLeft="277" ObjectRectTop="7554" ObjectRectWidth="126" SRC="&lt;div class=&quot;navFooterColHead&quot;&gt;Connect with Us&lt;/div&gt;&lt;a class=&quot;nav_a&quot; href=&quot;http://www.amazon.in/gp/redirect.html/ref=footer_fb?location=http://www.facebook.com/AmazonIN&amp;amp;token=2075D5EAC7BB214089728E2183FD391706D41E94&amp;amp;6&quot;&gt;Facebook&lt;/a&gt;&lt;a class=&quot;nav_a&quot; href=&quot;http://www.amazon.in/gp/redirect.html/ref=footer_twitter?location=http://twitter.com/AmazonIN&amp;amp;token=A309DFBFCB1E37A808FF531934855DC817F130B6&amp;amp;6&quot;&gt;Twitter&lt;/a&gt;&lt;a class=&quot;nav_a&quot; href=&quot;http://www.amazon.in/gp/redirect.html?location=https://www.instagram.com/amazondotin&amp;amp;token=264882C912E9D005CB1D9B61F12E125D5DF9BFC7&amp;amp;source=standards&quot;&gt;Instagram&lt;/a&gt;" SourceIndex="2299" TextLen="39" order="84"/>
<LayoutNode BgColor="#ffffff" ContainImg="0" ContainP="0" ContainTable="false" Content="Make Money with Us Sell on Amazon Become an Affiliate Fulfilment by Amazon Advertise Your Products Amazon Pay on Merchants " DOMCldNum="2" DoC="10" FontSize="16" FontWeight="normal" FrameSourceIndex="0" ID="1-16-3" IsImg="false" LinkTextLen="99" ObjectRectHeight="210" ObjectRectLeft="515" ObjectRectTop="7554" ObjectRectWidth="158" SRC="&lt;div class=&quot;navFooterColHead&quot;&gt;Make Money with Us&lt;/div&gt;&lt;a class=&quot;nav_a&quot; href=&quot;https://www.amazon.in/selling/ref=nav_footer_sell&quot;&gt;Sell on Amazon&lt;/a&gt;&lt;a class=&quot;nav_a&quot; href=&quot;/gp/redirect.html/ref=footer_assoc?_encoding=UTF8&amp;amp;location=https%3A%2F%2Faffiliate-program.amazon.in%2F%3Futm_campaign%3Dassocshowcase%26utm_medium%3Dfooter%26utm_source%3DGW&amp;amp;source=standards&amp;amp;token=02DFC2EB401D4DB94AD857F5A4215D98B38C148F&quot;&gt;Become an Affiliate&lt;/a&gt;&lt;a class=&quot;nav_a&quot; href=&quot;http://services.amazon.in/services/fulfilment-by-amazon/benefits.html/ref=az_footer_fba?ld=AWRGINFBAfooter&quot;&gt;Fulfilment by Amazon&lt;/a&gt;&lt;a class=&quot;nav_a&quot; href=&quot;https://advertising.amazon.in/?ref=Amz.in&quot;&gt;Advertise Your Products&lt;/a&gt;&lt;a class=&quot;nav_a&quot; href=&quot;https://www.amazonpay.in/merchant&quot;&gt;Amazon Pay on Merchants&lt;/a&gt;" SourceIndex="2313" TextLen="117" order="85"/>
<LayoutNode BgColor="#ffffff" ContainImg="0" ContainP="0" ContainTable="false" Content="Let Us Help You Your Account Returns Centre 100% Purchase Protection Amazon App Download Amazon Assistant Download Help " DOMCldNum="2" DoC="10" FontSize="16" FontWeight="normal" FrameSourceIndex="0" ID="1-16-4" IsImg="false" LinkTextLen="98" ObjectRectHeight="210" ObjectRectLeft="785" ObjectRectTop="7554" ObjectRectWidth="454" SRC="&lt;div class=&quot;navFooterColHead&quot;&gt;Let Us Help You&lt;/div&gt;&lt;a class=&quot;nav_a&quot; href=&quot;/gp/css/homepage.html/ref=footer_ya&quot;&gt;Your Account&lt;/a&gt;&lt;a class=&quot;nav_a&quot; href=&quot;/gp/css/returns/homepage.html/ref=footer_hy_f_4&quot;&gt;Returns Centre&lt;/a&gt;&lt;a class=&quot;nav_a&quot; href=&quot;/gp/help/customer/display.html/ref=footer_swc?ie=UTF8&amp;amp;nodeId=201083470&quot;&gt;100% Purchase Protection&lt;/a&gt;&lt;a class=&quot;nav_a&quot; href=&quot;/b/ref=footer_mobapp?ie=UTF8&amp;amp;node=6967393031&quot;&gt;Amazon App Download&lt;/a&gt;&lt;a class=&quot;nav_a&quot; href=&quot;/gp/BIT/theamazonapp/ref=footer_assistant_download_copy&quot;&gt;Amazon Assistant Download&lt;/a&gt;&lt;a class=&quot;nav_a&quot; href=&quot;/gp/help/customer/display.html/ref=footer_gw_m_b_he?ie=UTF8&amp;amp;nodeId=200507590&quot;&gt;Help&lt;/a&gt;" SourceIndex="2333" TextLen="113" order="86"/>
</LayoutNode>
<LayoutNode BgColor="#ffffff" ContainImg="0" ContainP="0" ContainTable="false" Content="Australia Brazil Canada China France Germany Italy Japan Mexico Netherlands Spain United Kingdom United States " DOMCldNum="1" DoC="10" FontSize="12" FontWeight="normal" FrameSourceIndex="0" ID="1-17" IsImg="false" LinkTextLen="98" ObjectRectHeight="18" ObjectRectLeft="0" ObjectRectTop="7873" ObjectRectWidth="1239" SRC="&lt;a class=&quot;nav_a&quot; href=&quot;http://www.amazon.com.au/ref=footer_au&quot;&gt;Australia&lt;/a&gt;&lt;a class=&quot;nav_a&quot; href=&quot;http://www.amazon.com.br/ref=footer_br&quot;&gt;Brazil&lt;/a&gt;&lt;a class=&quot;nav_a&quot; href=&quot;http://www.amazon.ca/ref=footer_ca&quot;&gt;Canada&lt;/a&gt;&lt;a class=&quot;nav_a&quot; href=&quot;http://www.amazon.cn/ref=footer_cn&quot;&gt;China&lt;/a&gt;&lt;a class=&quot;nav_a&quot; href=&quot;http://www.amazon.fr/ref=footer_fr&quot;&gt;France&lt;/a&gt;&lt;a class=&quot;nav_a&quot; href=&quot;http://www.amazon.de/ref=footer_de&quot;&gt;Germany&lt;/a&gt;&lt;a class=&quot;nav_a&quot; href=&quot;http://www.amazon.it/ref=footer_it&quot;&gt;Italy&lt;/a&gt;&lt;a class=&quot;nav_a&quot; href=&quot;http://www.amazon.co.jp/ref=footer_jp&quot;&gt;Japan&lt;/a&gt;&lt;a class=&quot;nav_a&quot; href=&quot;http://www.amazon.com.mx/ref=footer_mx&quot;&gt;Mexico&lt;/a&gt;&lt;a class=&quot;nav_a&quot; href=&quot;http://www.amazon.nl/ref=footer_nl&quot;&gt;Netherlands&lt;/a&gt;&lt;a class=&quot;nav_a&quot; href=&quot;http://www.amazon.es/ref=footer_es&quot;&gt;Spain&lt;/a&gt;&lt;a class=&quot;nav_a&quot; href=&quot;http://www.amazon.co.uk/ref=footer_uk&quot;&gt;United Kingdom&lt;/a&gt;&lt;a class=&quot;nav_a&quot; href=&quot;http://www.amazon.com/ref=footer_us&quot;&gt;United States&lt;/a&gt;" SourceIndex="2363" TextLen="98" order="87"/>
<LayoutNode BgColor="#ffffff" ContainImg="0" ContainP="0" ContainTable="false" DOMCldNum="0" DoC="7" FontSize="11" FontWeight="normal" FrameSourceIndex="0" ID="1-18" IsImg="false" LinkTextLen="122" ObjectRectHeight="50" ObjectRectLeft="0" ObjectRectTop="7951" ObjectRectWidth="1239" SourceIndex="0" TextLen="123" order="88">
<LayoutNode BgColor="#ffffff" ContainImg="0" ContainP="0" ContainTable="false" Content="AbeBooks   Look.com " DOMCldNum="0" DoC="10" FontSize="11" FontWeight="normal" FrameSourceIndex="0" ID="1-18-1" IsImg="false" LinkTextLen="16" ObjectRectHeight="50" ObjectRectLeft="0" ObjectRectTop="7951" ObjectRectWidth="93" SRC="&lt;a class=&quot;nav_a&quot; href=&quot;http://www.abebooks.com/&quot;&gt;AbeBooks&lt;br/&gt; &lt;span class=&quot;navFooterDescText&quot;&gt;Books, art&lt;br/&gt; &amp;amp; collectibles&lt;/span&gt;&lt;/a&gt;&lt;td&gt; &lt;/td&gt;&lt;a class=&quot;nav_a&quot; href=&quot;http://www.look.com/&quot;&gt;Look.com&lt;br/&gt; &lt;span class=&quot;navFooterDescText&quot;&gt;Kids' Clothing&lt;br/&gt; &amp;amp; Shoes&lt;/span&gt;&lt;/a&gt;" SourceIndex="2409;2480;2486" TextLen="17" order="89"/>
<LayoutNode BgColor="#ffffff" ContainImg="0" ContainP="0" ContainTable="false" Content="Amazon Web Services Shopbop " DOMCldNum="0" DoC="10" FontSize="11" FontWeight="normal" FrameSourceIndex="0" ID="1-18-2" IsImg="false" LinkTextLen="26" ObjectRectHeight="50" ObjectRectLeft="151" ObjectRectTop="7951" ObjectRectWidth="111" SRC="&lt;a class=&quot;nav_a&quot; href=&quot;http://aws.amazon.com/what-is-cloud-computing/?sc_channel=EL&amp;amp;sc_campaign=IN_amazonfooter&quot;&gt;Amazon Web Services&lt;br/&gt; &lt;span class=&quot;navFooterDescText&quot;&gt;Scalable Cloud&lt;br/&gt; Computing Services&lt;/span&gt;&lt;/a&gt;&lt;a class=&quot;nav_a&quot; href=&quot;http://www.shopbop.com/&quot;&gt;Shopbop&lt;br/&gt; &lt;span class=&quot;navFooterDescText&quot;&gt;Designer&lt;br/&gt; Fashion Brands&lt;/span&gt;&lt;/a&gt;" SourceIndex="0" TextLen="26" order="90"/>
<LayoutNode BgColor="#ffffff" ContainImg="0" ContainP="0" ContainTable="false" Content="Audible Amazon Business " DOMCldNum="0" DoC="10" FontSize="11" FontWeight="normal" FrameSourceIndex="0" ID="1-18-3" IsImg="false" LinkTextLen="22" ObjectRectHeight="50" ObjectRectLeft="341" ObjectRectTop="7951" ObjectRectWidth="88" SRC="&lt;a class=&quot;nav_a&quot; href=&quot;http://www.audible.in/&quot;&gt;Audible&lt;br/&gt; &lt;span class=&quot;navFooterDescText&quot;&gt;Download&lt;br/&gt; Audio Books&lt;/span&gt;&lt;/a&gt;&lt;a class=&quot;nav_a&quot; href=&quot;https://www.amazonbusiness.in/&quot;&gt;&#9;&#13;Amazon Business&lt;br/&gt; &lt;span class=&quot;navFooterDescText&quot;&gt;Everything For&lt;br/&gt; Your Business&lt;/span&gt;&lt;/a&gt;" SourceIndex="0" TextLen="22" order="91"/>
<LayoutNode BgColor="#ffffff" ContainImg="0" ContainP="0" ContainTable="false" Content="DPReview Souq.com " DOMCldNum="0" DoC="10" FontSize="11" FontWeight="normal" FrameSourceIndex="0" ID="1-18-4" IsImg="false" LinkTextLen="16" ObjectRectHeight="50" ObjectRectLeft="507" ObjectRectTop="7951" ObjectRectWidth="50" SRC="&lt;a class=&quot;nav_a&quot; href=&quot;http://www.dpreview.in/&quot;&gt;DPReview&lt;br/&gt; &lt;span class=&quot;navFooterDescText&quot;&gt;Digital&lt;br/&gt; Photography&lt;/span&gt;&lt;/a&gt;&lt;a class=&quot;nav_a&quot; href=&quot;https://www.souq.com?ref=footer_souq&quot;&gt;Souq.com&lt;br/&gt; &lt;span class=&quot;navFooterDescText&quot;&gt;Shop Online in the&lt;br/&gt; Middle East&lt;/span&gt;&lt;/a&gt;" SourceIndex="0" TextLen="16" order="92"/>
<LayoutNode BgColor="#ffffff" ContainImg="0" ContainP="0" ContainTable="false" Content="IMDb Prime Now " DOMCldNum="0" DoC="10" FontSize="11" FontWeight="normal" FrameSourceIndex="0" ID="1-18-5" IsImg="false" LinkTextLen="13" ObjectRectHeight="50" ObjectRectLeft="676" ObjectRectTop="7951" ObjectRectWidth="112" SRC="&lt;a class=&quot;nav_a&quot; href=&quot;https://www.imdb.com/&quot;&gt;IMDb&lt;br/&gt; &lt;span class=&quot;navFooterDescText&quot;&gt;Movies, TV&lt;br/&gt; &amp;amp; Celebrities&lt;/span&gt;&lt;/a&gt;&lt;a class=&quot;nav_a&quot; href=&quot;http://www.amazon.in/now?ref=footer_amznow&quot;&gt;Prime Now&lt;br/&gt; &lt;span class=&quot;navFooterDescText&quot;&gt; 2-Hour Delivery&lt;br/&gt; on Everyday Items&lt;/span&gt;&lt;/a&gt;" SourceIndex="0" TextLen="13" order="93"/>
<LayoutNode BgColor="#ffffff" ContainImg="0" ContainP="0" ContainTable="false" Content="Junglee.com Amazon Prime Music " DOMCldNum="0" DoC="10" FontSize="11" FontWeight="normal" FrameSourceIndex="0" ID="1-18-6" IsImg="false" LinkTextLen="29" ObjectRectHeight="50" ObjectRectLeft="844" ObjectRectTop="7951" ObjectRectWidth="395" SRC="&lt;a class=&quot;nav_a&quot; href=&quot;http://www.junglee.com/&quot;&gt;Junglee.com&lt;br/&gt; &lt;span class=&quot;navFooterDescText&quot;&gt;Shop Online&lt;br/&gt; in India&lt;/span&gt;&lt;/a&gt;&lt;a class=&quot;nav_a&quot; href=&quot;http://www.amazon.in/music/prime?ref=footer_apm&quot;&gt;Amazon Prime Music&lt;br/&gt; &lt;span class=&quot;navFooterDescText&quot;&gt;Stream millions of songs,&lt;br/&gt; ad-free&lt;/span&gt;&lt;/a&gt;" SourceIndex="0" TextLen="29" order="94"/>
</LayoutNode>
<LayoutNode BgColor="#ffffff" ContainImg="0" ContainP="0" ContainTable="false" Content="Conditions of Use &amp; Sale Privacy Notice Interest-Based Ads © 1996-2018, Amazon.com, Inc. or its affiliates " DOMCldNum="1" DoC="10" FontSize="12" FontWeight="normal" FrameSourceIndex="0" ID="1-19" IsImg="false" LinkTextLen="56" ObjectRectHeight="66" ObjectRectLeft="0" ObjectRectTop="8041" ObjectRectWidth="1239" SRC="&lt;a class=&quot;nav_a&quot; href=&quot;/gp/help/customer/display.html/ref=footer_cou?ie=UTF8&amp;amp;nodeId=200545940&quot;&gt;Conditions of Use &amp;amp; Sale&lt;/a&gt;&lt;a class=&quot;nav_a&quot; href=&quot;/gp/help/customer/display.html/ref=footer_privacy?ie=UTF8&amp;amp;nodeId=200534380&quot;&gt;Privacy Notice&lt;/a&gt;&lt;a class=&quot;nav_a&quot; href=&quot;/b/ref=footer_iba?ie=UTF8&amp;amp;node=6691071031&quot;&gt;Interest-Based Ads&lt;/a&gt;&lt;span&gt;© 1996-2018, Amazon.com, Inc. or its affiliates&lt;/span&gt;" SourceIndex="2559" TextLen="103" order="95"/>
</LayoutNode>
</VIPSPage>
