<VIPSPage PageRectHeight="600" PageRectLeft="0" PageRectTop="0" PageRectWidth="1000" PageTitle="Online Shopping for Women, Men, Kids Fashion &amp; Lifestyle - Myntra" Url="https://www.myntra.com/" WindowHeight="600" WindowWidth="1000" neworder="0" order="0">
<LayoutNode BgColor="transparent" ContainImg="4" ContainP="10" ContainTable="false" DOMCldNum="1" DoC="1" FontSize="12" FontWeight="normal" FrameSourceIndex="0" ID="1" IsImg="false" LinkTextLen="251" ObjectRectHeight="2638" ObjectRectLeft="0" ObjectRectTop="0" ObjectRectWidth="1000" SourceIndex="938" TextLen="4996" order="1">
<LayoutNode BgColor="transparent" ContainImg="4" ContainP="2" ContainTable="false" DOMCldNum="1" DoC="6" FontSize="12" FontWeight="normal" FrameSourceIndex="0" ID="1-1" IsImg="false" LinkTextLen="129" ObjectRectHeight="1333" ObjectRectLeft="0" ObjectRectTop="0" ObjectRectWidth="1000" SourceIndex="938" TextLen="315" order="2">
<LayoutNode BgColor="transparent" ContainImg="0" ContainP="0" ContainTable="false" DOMCldNum="1" DoC="6" FontSize="12" FontWeight="normal" FrameSourceIndex="0" ID="1-1-1" IsImg="false" LinkTextLen="50" ObjectRectHeight="1333" ObjectRectLeft="0" ObjectRectTop="0" ObjectRectWidth="155" SourceIndex="938" TextLen="84" order="3">
<LayoutNode BgColor="transparent" ContainImg="0" ContainP="0" ContainTable="false" DOMCldNum="1" DoC="8" FontSize="12" FontWeight="normal" FrameSourceIndex="0" ID="1-1-1-1" IsImg="false" LinkTextLen="50" ObjectRectHeight="1249" ObjectRectLeft="0" ObjectRectTop="0" ObjectRectWidth="155" SourceIndex="938" TextLen="68" order="4">
<LayoutNode BgColor="transparent" ContainImg="0" ContainP="0" ContainTable="false" Content="ONLINE SHOPPING " DOMCldNum="1" DoC="10" FontSize="12" FontWeight="normal" FrameSourceIndex="0" ID="1-1-1-1-1" IsImg="false" LinkTextLen="15" ObjectRectHeight="1059" ObjectRectLeft="0" ObjectRectTop="0" ObjectRectWidth="155" SRC="&lt;a data-reactid=&quot;8&quot; href=&quot;/?src=onlineShopping&quot;&gt; ONLINE SHOPPING &lt;/a&gt;" SourceIndex="2702" TextLen="15" order="5"/>
<LayoutNode BgColor="transparent" ContainImg="0" ContainP="0" ContainTable="false" Content="Men " DOMCldNum="7" DoC="10" FontSize="15" FontWeight="normal" FrameSourceIndex="0" ID="1-1-1-1-2" IsImg="false" LinkTextLen="3" ObjectRectHeight="22" ObjectRectLeft="0" ObjectRectTop="1087" ObjectRectWidth="155" SRC="&lt;a data-reactid=&quot;9&quot; href=&quot;/shop/men&quot;&gt;&lt;!-- react-text: 10 --&gt; &lt;!-- /react-text --&gt;&lt;!-- react-text: 11 --&gt;Men&lt;!-- /react-text --&gt;&lt;!-- react-text: 12 --&gt; &lt;!-- /react-text --&gt;&lt;/a&gt;" SourceIndex="941" TextLen="3" order="6"/>
<LayoutNode BgColor="transparent" ContainImg="0" ContainP="0" ContainTable="false" Content="Women " DOMCldNum="7" DoC="10" FontSize="15" FontWeight="normal" FrameSourceIndex="0" ID="1-1-1-1-3" IsImg="false" LinkTextLen="5" ObjectRectHeight="22" ObjectRectLeft="0" ObjectRectTop="1114" ObjectRectWidth="155" SRC="&lt;a data-reactid=&quot;13&quot; href=&quot;/shop/women&quot;&gt;&lt;!-- react-text: 14 --&gt; &lt;!-- /react-text --&gt;&lt;!-- react-text: 15 --&gt;Women&lt;!-- /react-text --&gt;&lt;!-- react-text: 16 --&gt; &lt;!-- /react-text --&gt;&lt;/a&gt;" SourceIndex="951" TextLen="5" order="7"/>
<LayoutNode BgColor="transparent" ContainImg="0" ContainP="0" ContainTable="false" Content="Kids " DOMCldNum="7" DoC="10" FontSize="15" FontWeight="normal" FrameSourceIndex="0" ID="1-1-1-1-4" IsImg="false" LinkTextLen="4" ObjectRectHeight="22" ObjectRectLeft="0" ObjectRectTop="1141" ObjectRectWidth="155" SRC="&lt;a data-reactid=&quot;17&quot; href=&quot;/shop/kids&quot;&gt;&lt;!-- react-text: 18 --&gt; &lt;!-- /react-text --&gt;&lt;!-- react-text: 19 --&gt;Kids&lt;!-- /react-text --&gt;&lt;!-- react-text: 20 --&gt; &lt;!-- /react-text --&gt;&lt;/a&gt;" SourceIndex="961" TextLen="4" order="8"/>
<LayoutNode BgColor="transparent" ContainImg="0" ContainP="0" ContainTable="false" Content="Home &amp; Living " DOMCldNum="7" DoC="10" FontSize="15" FontWeight="normal" FrameSourceIndex="0" ID="1-1-1-1-5" IsImg="false" LinkTextLen="13" ObjectRectHeight="22" ObjectRectLeft="0" ObjectRectTop="1168" ObjectRectWidth="155" SRC="&lt;a data-reactid=&quot;21&quot; href=&quot;/shop/home-living&quot;&gt;&lt;!-- react-text: 22 --&gt; &lt;!-- /react-text --&gt;&lt;!-- react-text: 23 --&gt;Home &amp;amp; Living&lt;!-- /react-text --&gt;&lt;!-- react-text: 24 --&gt; &lt;!-- /react-text --&gt;&lt;/a&gt;" SourceIndex="971" TextLen="13" order="9"/>
<LayoutNode BgColor="transparent" ContainImg="0" ContainP="0" ContainTable="false" Content="Gift Cards " DOMCldNum="7" DoC="10" FontSize="15" FontWeight="normal" FrameSourceIndex="0" ID="1-1-1-1-6" IsImg="false" LinkTextLen="10" ObjectRectHeight="22" ObjectRectLeft="0" ObjectRectTop="1195" ObjectRectWidth="155" SRC="&lt;a data-reactid=&quot;25&quot; href=&quot;/giftcard&quot;&gt;Gift Cards&lt;/a&gt;" SourceIndex="981" TextLen="10" order="10"/>
<LayoutNode BgColor="#ffffff" ContainImg="0" ContainP="0" ContainTable="false" Content="Myntra Insider  New " DOMCldNum="4" DoC="10" FontSize="15" FontWeight="normal" FrameSourceIndex="0" ID="1-1-1-1-7" IsImg="false" LinkTextLen="0" ObjectRectHeight="27" ObjectRectLeft="0" ObjectRectTop="1222" ObjectRectWidth="155" SRC="Myntra Insider&lt;span class=&quot;desktop-superscript&quot; data-reactid=&quot;28&quot;&gt; New &lt;/span&gt;" SourceIndex="983" TextLen="18" order="11"/>
</LayoutNode>
<LayoutNode BgColor="#fafbfc" ContainImg="0" ContainP="0" ContainTable="false" Content="POPULAR SEARCHES " DOMCldNum="1" DoC="10" FontSize="12" FontWeight="normal" FrameSourceIndex="0" ID="1-1-1-2" IsImg="false" LinkTextLen="0" ObjectRectHeight="19" ObjectRectLeft="0" ObjectRectTop="1314" ObjectRectWidth="155" SRC="&lt;div class=&quot;desktop-pSearchTitle&quot; data-reactid=&quot;97&quot;&gt; POPULAR SEARCHES &lt;/div&gt;" SourceIndex="1126" TextLen="16" order="12"/>
</LayoutNode>
<LayoutNode BgColor="#ffffff" ContainImg="4" ContainP="2" ContainTable="false" DOMCldNum="11" DoC="8" FontSize="12" FontWeight="normal" FrameSourceIndex="0" ID="1-1-2" IsImg="false" LinkTextLen="79" ObjectRectHeight="1333" ObjectRectLeft="175" ObjectRectTop="0" ObjectRectWidth="510" SourceIndex="989" TextLen="135" order="13">
<LayoutNode BgColor="#ffffff" ContainImg="0" ContainP="2" ContainTable="false" Content="USEFUL LINKS EXPERIENCE MYNTRA APP ON MOBILE " DOMCldNum="11" DoC="10" FontSize="12" FontWeight="normal" FrameSourceIndex="0" ID="1-1-2-1" IsImg="false" LinkTextLen="0" ObjectRectHeight="1060" ObjectRectLeft="175" ObjectRectTop="0" ObjectRectWidth="510" SRC="&lt;p class=&quot;desktop-gInfoTitle&quot; data-reactid=&quot;30&quot;&gt; USEFUL LINKS &lt;/p&gt;&lt;p class=&quot;desktop-gInfoTitle&quot; data-reactid=&quot;72&quot;&gt; EXPERIENCE MYNTRA APP ON MOBILE &lt;/p&gt;" SourceIndex="990;1093" TextLen="43" order="14"/>
<LayoutNode BgColor="transparent" ContainImg="4" ContainP="0" ContainTable="false" Content="Contact Us FAQ T&amp;C Terms Of Use Track Orders   KEEP IN TOUCH " DOMCldNum="11" DoC="8" FontSize="15" FontWeight="normal" FrameSourceIndex="0" ID="1-1-2-2" IsImg="false" LinkTextLen="40" ObjectRectHeight="135" ObjectRectLeft="175" ObjectRectTop="1082" ObjectRectWidth="510" SRC="&lt;a data-reactid=&quot;31&quot; href=&quot;/contactus&quot;&gt;&lt;!-- react-text: 32 --&gt; &lt;!-- /react-text --&gt;&lt;!-- react-text: 33 --&gt;Contact Us&lt;!-- /react-text --&gt;&lt;!-- react-text: 34 --&gt; &lt;!-- /react-text --&gt;&lt;/a&gt;&lt;a data-reactid=&quot;35&quot; href=&quot;/faqs&quot;&gt;&lt;!-- react-text: 36 --&gt; &lt;!-- /react-text --&gt;&lt;!-- react-text: 37 --&gt;FAQ&lt;!-- /react-text --&gt;&lt;!-- react-text: 38 --&gt; &lt;!-- /react-text --&gt;&lt;/a&gt;&lt;a data-reactid=&quot;39&quot; href=&quot;/tac&quot;&gt;&lt;!-- react-text: 40 --&gt; &lt;!-- /react-text --&gt;&lt;!-- react-text: 41 --&gt;T&amp;amp;C&lt;!-- /react-text --&gt;&lt;!-- react-text: 42 --&gt; &lt;!-- /react-text --&gt;&lt;/a&gt;&lt;a data-reactid=&quot;43&quot; href=&quot;/termsofuse&quot;&gt;&lt;!-- react-text: 44 --&gt; &lt;!-- /react-text --&gt;&lt;!-- react-text: 45 --&gt;Terms Of Use&lt;!-- /react-text --&gt;&lt;!-- react-text: 46 --&gt; &lt;!-- /react-text --&gt;&lt;/a&gt;&lt;a data-reactid=&quot;47&quot; href=&quot;/my/orders&quot;&gt;&lt;!-- react-text: 48 --&gt; &lt;!-- /react-text --&gt;&lt;!-- react-text: 49 --&gt;Track Orders&lt;!-- /react-text --&gt;&lt;!-- react-text: 50 --&gt; &lt;!-- /react-text --&gt;&lt;/a&gt;&lt;img class=&quot;desktop-androidDownLink&quot; data-reactid=&quot;75&quot; src=&quot;https://assets.myntassets.com/assets/images/retaillabs/2018/10/16/80cc455a-92d2-4b5c-a038-7da0d92af33f1539674178924-google_play.png&quot;/&gt;&lt;img class=&quot;desktop-iOSDownLink&quot; data-reactid=&quot;77&quot; src=&quot;https://assets.myntassets.com/assets/images/retaillabs/2018/10/16/bc5e11ad-0250-420a-ac71-115a57ca35d51539674178941-apple_store.png&quot;/&gt;&lt;div class=&quot;desktop-keepInTouch&quot; data-reactid=&quot;78&quot;&gt; KEEP IN TOUCH &lt;/div&gt;" SourceIndex="992;1002;1012;1022;1032;2860;2862;1100" TextLen="53" order="15"/>
<LayoutNode BgColor="transparent" ContainImg="0" ContainP="0" ContainTable="false" Content="Shipping " DOMCldNum="11" DoC="10" FontSize="15" FontWeight="normal" FrameSourceIndex="0" ID="1-1-2-3" IsImg="false" LinkTextLen="8" ObjectRectHeight="22" ObjectRectLeft="175" ObjectRectTop="1222" ObjectRectWidth="510" SRC="&lt;a data-reactid=&quot;51&quot; href=&quot;/faqs#shipping&quot;&gt;&lt;!-- react-text: 52 --&gt; &lt;!-- /react-text --&gt;&lt;!-- react-text: 53 --&gt;Shipping&lt;!-- /react-text --&gt;&lt;!-- react-text: 54 --&gt; &lt;!-- /react-text --&gt;&lt;/a&gt;" SourceIndex="1042" TextLen="8" order="16"/>
<LayoutNode BgColor="transparent" ContainImg="0" ContainP="0" ContainTable="false" Content="Cancellation " DOMCldNum="11" DoC="10" FontSize="15" FontWeight="normal" FrameSourceIndex="0" ID="1-1-2-4" IsImg="false" LinkTextLen="12" ObjectRectHeight="22" ObjectRectLeft="175" ObjectRectTop="1249" ObjectRectWidth="510" SRC="&lt;a data-reactid=&quot;55&quot; href=&quot;/faqs#cancel&quot;&gt;&lt;!-- react-text: 56 --&gt; &lt;!-- /react-text --&gt;&lt;!-- react-text: 57 --&gt;Cancellation&lt;!-- /react-text --&gt;&lt;!-- react-text: 58 --&gt; &lt;!-- /react-text --&gt;&lt;/a&gt;" SourceIndex="1052" TextLen="12" order="17"/>
<LayoutNode BgColor="transparent" ContainImg="0" ContainP="0" ContainTable="false" Content="Returns " DOMCldNum="11" DoC="10" FontSize="15" FontWeight="normal" FrameSourceIndex="0" ID="1-1-2-5" IsImg="false" LinkTextLen="7" ObjectRectHeight="22" ObjectRectLeft="175" ObjectRectTop="1276" ObjectRectWidth="510" SRC="&lt;a data-reactid=&quot;59&quot; href=&quot;/faqs#returns&quot;&gt;&lt;!-- react-text: 60 --&gt; &lt;!-- /react-text --&gt;&lt;!-- react-text: 61 --&gt;Returns&lt;!-- /react-text --&gt;&lt;!-- react-text: 62 --&gt; &lt;!-- /react-text --&gt;&lt;/a&gt;" SourceIndex="1062" TextLen="7" order="18"/>
<LayoutNode BgColor="transparent" ContainImg="0" ContainP="0" ContainTable="false" Content="Whitehat " DOMCldNum="11" DoC="10" FontSize="15" FontWeight="normal" FrameSourceIndex="0" ID="1-1-2-6" IsImg="false" LinkTextLen="8" ObjectRectHeight="22" ObjectRectLeft="175" ObjectRectTop="1303" ObjectRectWidth="510" SRC="&lt;a data-reactid=&quot;63&quot; href=&quot;/security/whitehat&quot;&gt;&lt;!-- react-text: 64 --&gt; &lt;!-- /react-text --&gt;&lt;!-- react-text: 65 --&gt;Whitehat&lt;!-- /react-text --&gt;&lt;!-- react-text: 66 --&gt; &lt;!-- /react-text --&gt;&lt;/a&gt;" SourceIndex="1072" TextLen="8" order="19"/>
<LayoutNode BgColor="transparent" ContainImg="0" ContainP="0" ContainTable="false" Content="Blog " DOMCldNum="11" DoC="10" FontSize="15" FontWeight="normal" FrameSourceIndex="0" ID="1-1-2-7" IsImg="false" LinkTextLen="4" ObjectRectHeight="3" ObjectRectLeft="175" ObjectRectTop="1330" ObjectRectWidth="510" SRC="&lt;a data-reactid=&quot;67&quot; href=&quot;http://blog.myntra.com/&quot;&gt;&lt;!-- react-text: 68 --&gt; &lt;!-- /react-text --&gt;&lt;!-- react-text: 69 --&gt;Blog&lt;!-- /react-text --&gt;&lt;!-- react-text: 70 --&gt; &lt;!-- /react-text --&gt;&lt;/a&gt;" SourceIndex="1082" TextLen="4" order="20"/>
</LayoutNode>
<LayoutNode BgColor="#ffffff" ContainImg="0" ContainP="0" ContainTable="false" Content="100% ORIGINAL  guarantee for all products at myntra.com Return within 30days  of receiving your order " DOMCldNum="4" DoC="9" FontSize="16" FontWeight="normal" FrameSourceIndex="0" ID="1-1-3" IsImg="false" LinkTextLen="0" ObjectRectHeight="1333" ObjectRectLeft="705" ObjectRectTop="0" ObjectRectWidth="295" SRC="&lt;strong data-reactid=&quot;87&quot;&gt;100% ORIGINAL &lt;/strong&gt;guarantee forall products at myntra.com&lt;strong data-reactid=&quot;92&quot;&gt;Return within 30days &lt;/strong&gt;of receivingyour order" SourceIndex="1109" TextLen="96" order="21"/>
</LayoutNode>
<LayoutNode BgColor="#ffffff" ContainImg="0" ContainP="0" ContainTable="false" Content="Makeup | Dresses For Girls | T-Shirts | Sandals | Headphones | Baby Dolls | Blazers For Men | Handbags | Ladies Watches | One Piece Dress | Bags | Sport Shoes | Reebok Shoes | Puma Shoes | Boxers | Wallets | Tops | Earrings | Fastrack Watches | Kurtis | Nike | Smart Watches | Titan Watches | Designer Blouse | Gowns | Rings Rings | | Shoes For Men | Forever 21 | Toys | Photo Frames | Punjabi Suits | Bikini | Lipstick | Saree | Watches | Dresses | Lehenga | Nike Shoes | Goggles | Bras | Suit | Suit | Chinos | Shoes | Adidas Shoes | Woodland Shoes | Jewellery |  Designers Sarees In case of any concern,  Contact Us © 2018 www.myntra.com. All rights reserved. " DOMCldNum="9" DoC="10" FontSize="15" FontWeight="normal" FrameSourceIndex="0" ID="1-2" IsImg="false" LinkTextLen="27" ObjectRectHeight="150" ObjectRectLeft="0" ObjectRectTop="1359" ObjectRectWidth="1000" SRC="Makeup&lt;XPspan class=&quot;Xanonymous&quot; style=&quot;display:inline&quot;&gt;|&lt;/XPspan&gt;Dresses For Girls&lt;XPspan class=&quot;Xanonymous&quot; style=&quot;display:inline&quot;&gt;|&lt;/XPspan&gt;T-Shirts&lt;XPspan class=&quot;Xanonymous&quot; style=&quot;display:inline&quot;&gt;|&lt;/XPspan&gt;Sandals&lt;XPspan class=&quot;Xanonymous&quot; style=&quot;display:inline&quot;&gt;|&lt;/XPspan&gt;Headphones&lt;XPspan class=&quot;Xanonymous&quot; style=&quot;display:inline&quot;&gt;|&lt;/XPspan&gt;Baby Dolls&lt;XPspan class=&quot;Xanonymous&quot; style=&quot;display:inline&quot;&gt;|&lt;/XPspan&gt;Blazers For Men&lt;XPspan class=&quot;Xanonymous&quot; style=&quot;display:inline&quot;&gt;|&lt;/XPspan&gt;Handbags&lt;XPspan class=&quot;Xanonymous&quot; style=&quot;display:inline&quot;&gt;|&lt;/XPspan&gt;Ladies Watches&lt;XPspan class=&quot;Xanonymous&quot; style=&quot;display:inline&quot;&gt;|&lt;/XPspan&gt;One Piece Dress&lt;XPspan class=&quot;Xanonymous&quot; style=&quot;display:inline&quot;&gt;|&lt;/XPspan&gt;Bags&lt;XPspan class=&quot;Xanonymous&quot; style=&quot;display:inline&quot;&gt;|&lt;/XPspan&gt;Sport Shoes&lt;XPspan class=&quot;Xanonymous&quot; style=&quot;display:inline&quot;&gt;|&lt;/XPspan&gt;Reebok Shoes&lt;XPspan class=&quot;Xanonymous&quot; style=&quot;display:inline&quot;&gt;|&lt;/XPspan&gt;Puma Shoes&lt;XPspan class=&quot;Xanonymous&quot; style=&quot;display:inline&quot;&gt;|&lt;/XPspan&gt;Boxers&lt;XPspan class=&quot;Xanonymous&quot; style=&quot;display:inline&quot;&gt;|&lt;/XPspan&gt;Wallets&lt;XPspan class=&quot;Xanonymous&quot; style=&quot;display:inline&quot;&gt;|&lt;/XPspan&gt;Tops&lt;XPspan class=&quot;Xanonymous&quot; style=&quot;display:inline&quot;&gt;|&lt;/XPspan&gt;Earrings&lt;XPspan class=&quot;Xanonymous&quot; style=&quot;display:inline&quot;&gt;|&lt;/XPspan&gt;Fastrack Watches&lt;XPspan class=&quot;Xanonymous&quot; style=&quot;display:inline&quot;&gt;|&lt;/XPspan&gt;Kurtis&lt;XPspan class=&quot;Xanonymous&quot; style=&quot;display:inline&quot;&gt;|&lt;/XPspan&gt;Nike&lt;XPspan class=&quot;Xanonymous&quot; style=&quot;display:inline&quot;&gt;|&lt;/XPspan&gt;Smart Watches&lt;XPspan class=&quot;Xanonymous&quot; style=&quot;display:inline&quot;&gt;|&lt;/XPspan&gt;Titan Watches&lt;XPspan class=&quot;Xanonymous&quot; style=&quot;display:inline&quot;&gt;|&lt;/XPspan&gt;Designer Blouse&lt;XPspan class=&quot;Xanonymous&quot; style=&quot;display:inline&quot;&gt;|&lt;/XPspan&gt;Gowns&lt;XPspan class=&quot;Xanonymous&quot; style=&quot;display:inline&quot;&gt;|&lt;/XPspan&gt;RingsRings&lt;XPspan class=&quot;Xanonymous&quot; style=&quot;display:inline&quot;&gt;|&lt;/XPspan&gt;&lt;XPspan class=&quot;Xanonymous&quot; style=&quot;display:inline&quot;&gt;|&lt;/XPspan&gt;Shoes For Men&lt;XPspan class=&quot;Xanonymous&quot; style=&quot;display:inline&quot;&gt;|&lt;/XPspan&gt;Forever 21&lt;XPspan class=&quot;Xanonymous&quot; style=&quot;display:inline&quot;&gt;|&lt;/XPspan&gt;Toys&lt;XPspan class=&quot;Xanonymous&quot; style=&quot;display:inline&quot;&gt;|&lt;/XPspan&gt;Photo Frames&lt;XPspan class=&quot;Xanonymous&quot; style=&quot;display:inline&quot;&gt;|&lt;/XPspan&gt;Punjabi Suits&lt;XPspan class=&quot;Xanonymous&quot; style=&quot;display:inline&quot;&gt;|&lt;/XPspan&gt;Bikini&lt;XPspan class=&quot;Xanonymous&quot; style=&quot;display:inline&quot;&gt;|&lt;/XPspan&gt;Lipstick&lt;XPspan class=&quot;Xanonymous&quot; style=&quot;display:inline&quot;&gt;|&lt;/XPspan&gt;Saree&lt;XPspan class=&quot;Xanonymous&quot; style=&quot;display:inline&quot;&gt;|&lt;/XPspan&gt;Watches&lt;XPspan class=&quot;Xanonymous&quot; style=&quot;display:inline&quot;&gt;|&lt;/XPspan&gt;Dresses&lt;XPspan class=&quot;Xanonymous&quot; style=&quot;display:inline&quot;&gt;|&lt;/XPspan&gt;Lehenga&lt;XPspan class=&quot;Xanonymous&quot; style=&quot;display:inline&quot;&gt;|&lt;/XPspan&gt;Nike Shoes&lt;XPspan class=&quot;Xanonymous&quot; style=&quot;display:inline&quot;&gt;|&lt;/XPspan&gt;Goggles&lt;XPspan class=&quot;Xanonymous&quot; style=&quot;display:inline&quot;&gt;|&lt;/XPspan&gt;Bras&lt;XPspan class=&quot;Xanonymous&quot; style=&quot;display:inline&quot;&gt;|&lt;/XPspan&gt;Suit&lt;XPspan class=&quot;Xanonymous&quot; style=&quot;display:inline&quot;&gt;|&lt;/XPspan&gt;Suit&lt;XPspan class=&quot;Xanonymous&quot; style=&quot;display:inline&quot;&gt;|&lt;/XPspan&gt;Chinos&lt;XPspan class=&quot;Xanonymous&quot; style=&quot;display:inline&quot;&gt;|&lt;/XPspan&gt;Shoes&lt;XPspan class=&quot;Xanonymous&quot; style=&quot;display:inline&quot;&gt;|&lt;/XPspan&gt;Adidas Shoes&lt;XPspan class=&quot;Xanonymous&quot; style=&quot;display:inline&quot;&gt;|&lt;/XPspan&gt;Woodland Shoes&lt;XPspan class=&quot;Xanonymous&quot; style=&quot;display:inline&quot;&gt;|&lt;/XPspan&gt;Jewellery&lt;XPspan class=&quot;Xanonymous&quot; style=&quot;display:inline&quot;&gt;|&lt;/XPspan&gt;&lt;a data-reactid=&quot;284&quot; href=&quot;/designer-saree&quot;&gt;&lt;!-- react-text: 285 --&gt; &lt;!-- /react-text --&gt;&lt;!-- react-text: 286 --&gt;Designers Sarees&lt;!-- /react-text --&gt;&lt;!-- react-text: 287 --&gt; &lt;!-- /react-text --&gt;&lt;/a&gt;In case of any concern, &lt;a data-reactid=&quot;293&quot; href=&quot;/contactus&quot;&gt; Contact Us &lt;/a&gt;&lt;div class=&quot;desktop-copywrite&quot; data-reactid=&quot;294&quot;&gt;&lt;!-- react-text: 295 --&gt;© &lt;!-- /react-text --&gt;&lt;!-- react-text: 296 --&gt;2018&lt;!-- /react-text --&gt;&lt;!-- react-text: 297 --&gt; www.myntra.com. All rights reserved.&lt;!-- /react-text --&gt;&lt;/div&gt;" SourceIndex="1132" TextLen="563" order="22"/>
<LayoutNode BgColor="#ffffff" ContainImg="0" ContainP="2" ContainTable="false" DOMCldNum="2" DoC="7" FontSize="15" FontWeight="normal" FrameSourceIndex="0" ID="1-3" IsImg="false" LinkTextLen="15" ObjectRectHeight="162" ObjectRectLeft="0" ObjectRectTop="1560" ObjectRectWidth="1000" SourceIndex="1625" TextLen="184" order="23">
<LayoutNode BgColor="#ffffff" ContainImg="0" ContainP="1" ContainTable="false" Content="Registered Office Address " DOMCldNum="2" DoC="10" FontSize="15" FontWeight="normal" FrameSourceIndex="0" ID="1-3-1" IsImg="false" LinkTextLen="0" ObjectRectHeight="36" ObjectRectLeft="0" ObjectRectTop="1560" ObjectRectWidth="1000" SRC="&lt;p class=&quot;index-lcHeader&quot; data-reactid=&quot;299&quot;&gt; Registered Office Address &lt;/p&gt;" SourceIndex="1626" TextLen="25" order="24"/>
<LayoutNode BgColor="#ffffff" ContainImg="0" ContainP="1" ContainTable="false" DOMCldNum="20" DoC="7" FontSize="15" FontWeight="normal" FrameSourceIndex="0" ID="1-3-2" IsImg="false" LinkTextLen="15" ObjectRectHeight="100" ObjectRectLeft="0" ObjectRectTop="1622" ObjectRectWidth="1000" SourceIndex="1629" TextLen="159" order="25">
<LayoutNode BgColor="#ffffff" ContainImg="0" ContainP="0" ContainTable="false" Content="3rd Floor, A Block,  AKR Tech Park, 7th Mile,  Krishna Reddy Industrial Area,  Kudlu Gate,  Bangalore – 560068  " DOMCldNum="20" DoC="10" FontSize="15" FontWeight="normal" FrameSourceIndex="0" ID="1-3-2-1" IsImg="false" LinkTextLen="0" ObjectRectHeight="100" ObjectRectLeft="0" ObjectRectTop="1622" ObjectRectWidth="187" SRC="3rd Floor, A Block, AKR Tech Park, 7th Mile, Krishna Reddy Industrial Area, Kudlu Gate, Bangalore – 560068 " SourceIndex="0;0;0;0;0" TextLen="107" order="26"/>
<LayoutNode BgColor="#ffffff" ContainImg="0" ContainP="1" ContainTable="false" Content="CIN: U72300KA2007PTC041799 Telephone:  +91-80-61561999 " DOMCldNum="2" DoC="10" FontSize="15" FontWeight="normal" FrameSourceIndex="0" ID="1-3-2-2" IsImg="false" LinkTextLen="15" ObjectRectHeight="100" ObjectRectLeft="700" ObjectRectTop="1622" ObjectRectWidth="300" SRC="&lt;p data-reactid=&quot;313&quot;&gt; CIN: U72300KA2007PTC041799 &lt;/p&gt;Telephone: &lt;a class=&quot;index-lcTelephone index-highlightText&quot; data-reactid=&quot;316&quot; href=&quot;tel:+918061561999&quot;&gt;+91-80-61561999&lt;/a&gt;" SourceIndex="1651;0;3420" TextLen="52" order="27"/>
</LayoutNode>
</LayoutNode>
<LayoutNode BgColor="#ffffff" ContainImg="0" ContainP="6" ContainTable="false" Content="ONLINE SHOPPING MADE EASY AT MYNTRA We have all planned our trips to the clothing store in advance, vividly dreaming about what we would buy once there. Some of us even have sales assistants for friends andhave often asked them for a favour or two during peak shopping season (read: festivals and sales). But what we can all admit to is that we have always wished it was easierthan to go down to the store in dense traffic, navigating through throngs of fashionistas, all vying for the same trendy clothing items, waiting in line to try on our top picks inthe trial rooms, etc. Well, you can do all this from the comfort of your home while enjoying many online shopping benefits, right from irresistible deals and discounts to a robust user interface withmany shopping filters (based on various categories of clothing, brands, budget, etc.). to make your shopping experience truly hassle free. Myntra, THE place to be when itcomes to the latest in fashion, offers you fine, high-quality merchandise – go ahead and indulge in a bit of shopping online for men, women and kids. You can even pick up giftsets for your near and dear ones while being absolutely certain that it will put a smile on their faces. Go ahead and shop till you drop on India’s largest online fashion store. ALL THE LATEST TRENDS UNDER ONE ROOF Haven’t we all wondered where we could get our favourite celebrity or fashion icons’ latest looks? Sure, they have an entourage of personal stylists, makeup artists and hair dressers to look the way they do but with Myntra, you will understand that you do not have to spend a fortune to look great. There is something for the whole family and you can engage in  online shopping for women , men and kids. Choose from the widest spread of western wear, traditional  clothing , casual wear, lounge or sleep wear, sports or active wear, formal wear,  lingerie  and more in the clothing section. Footwear of numerous kinds, watches, sunglasses, bags, jewellery, scarves and stoles,  beauty , skin and hair care products,  fragrances , and so much more are just some of the other items you can grab hold of here. Online shopping for Kids We, at Myntra, have all that you need to spruce up your fashion quotient of your Kids. They get to look extra cute with clothing by top brands like UFO, Lilliput, Cutecumber,Chhota Bheem, WROGN for Tweens, Sweet Angel, Spiderman, etc. Convenient shopping for Home Decor &amp; Furnishing Shop online for Home décor and furnishing, including bedding, rugs and mats, kitchenware,  curtains , lamps, paintings, and more. This will help you set up your home the way you envisioned, conveniently from your home. Shop online for your Favourite International Brands &amp; Celebrity brands Whether it is clothing,  footwear ,  jewelry , accessories and cosmetics, we showcase the most elite brands in the world. Tommy Hilfiger, Forever 21, Vero Moda, FabAlley, All About You by Deepika Padukone, Adidas, Puma, Reebok, Burberry, French Connection, Calvin Klein, HRX by Hrithik Roshan, Arrow, United Colors of Benetton, Esprit, Bombay Dyeing, Forest Essentials, L’Oréal Paris, M.A.C, Bobbi Brown, and thousands of other national and international, budget-friendly as well as luxury brands await you with products that you just cannot turn down. Avail added online shopping benefits Make sure to use our card or cash on delivery option, easy 30-day returns policy, try and buy option (for select products), and other customer-friendly features. Acomprehensive sizing guide and detailed product descriptions coupled with high-resolution product shots will give you all the information to make the right buying decision. You just need to pay for the product, while we ensure free shipping on almost everything. You can also buy gifts for your loved ones and avail our special gift-wrap facility at anominal cost on Myntra. Give your wardrobe an upgrade with stylish clothing – head to Myntra.com for a great online fashion shopping experience now! " DOMCldNum="1" DoC="9" FontSize="14" FontWeight="normal" FrameSourceIndex="0" ID="1-4" IsImg="false" LinkTextLen="80" ObjectRectHeight="885" ObjectRectLeft="0" ObjectRectTop="1753" ObjectRectWidth="1000" SRC="&lt;strong&gt;ONLINE SHOPPING MADE EASY AT MYNTRA &lt;/strong&gt;&lt;p&gt; We have all planned our trips to the clothing store in advance, vividly dreaming about what we would buy once &#13;there. Some of us even have sales assistants for friends and have often asked them for a favour or two during peak &#13;shopping season (read: festivals and sales). But what we can all admit to is that we have always wished it was &#13;easier than to go down to the store in dense traffic, navigating through throngs of fashionistas, all vying for the &#13;same trendy clothing items, waiting in line to try on our top picks in the trial rooms, etc. &lt;/p&gt;&lt;p&gt; Well, you can do all this from the comfort of your home while enjoying many online shopping benefits, right from &#13;irresistible deals and discounts to a robust user interface with many shopping filters (based on various categories &#13;&#9;of clothing, brands, budget, etc.). to make your shopping experience truly hassle free. Myntra, THE place to be &#13;when it comes to the latest in fashion, offers you fine, high-quality merchandise – go ahead and indulge in a bit of &#13;shopping online for men, women and kids. You can even pick up gift sets for your near and dear ones while being &#13;absolutely certain that it will put a smile on their faces. Go ahead and shop till you drop on India’s largest online &#13;fashion store. &lt;/p&gt;&lt;strong&gt;ALL THE LATEST TRENDS UNDER ONE ROOF &lt;/strong&gt;Haven’t we all wondered where we could get our favourite celebrity or fashion icons’ latest looks? Sure, they have an entourage of personal stylists, makeup artists and hairdressers to look the way they do but with Myntra, you will understand that you do not have to spend a fortune to look great. There is something for the whole family and youcan engage in &lt;a class=&quot;seolink&quot; href=&quot;/shop/women&quot;&gt;online shopping for women&lt;/a&gt;, men and kids. Choose from the widest spread of western wear, traditional &lt;a class=&quot;seolink&quot; href=&quot;/clothing&quot;&gt;clothing&lt;/a&gt;, casual wear, lounge or sleep wear, sports oractive wear, formal wear, &lt;a class=&quot;seolink&quot; href=&quot;/lingerie&quot;&gt;lingerie&lt;/a&gt; and more in the clothing section. Footwear of numerous kinds, watches, sunglasses, bags, jewellery, scarves and stoles, &lt;a class=&quot;seolink&quot; href=&quot;/women-beauty&quot;&gt;beauty&lt;/a&gt;, skin and haircare products, &lt;a class=&quot;seoLink&quot; href=&quot;/perfumes&quot;&gt;fragrances&lt;/a&gt;, and so much more are just some of the other items you can grab hold of here.&lt;strong&gt;Online shopping for Kids &lt;/strong&gt;&lt;p&gt; We, at Myntra, have all that you need to spruce up your fashion quotient of your Kids.  They get to look extra &#13;cute with clothing by top brands like UFO, Lilliput, Cutecumber, Chhota Bheem, WROGN for Tweens, Sweet Angel, Spiderman, etc. &lt;/p&gt;&lt;strong&gt;Convenient shopping for Home Decor &amp;amp; Furnishing &lt;/strong&gt;Shop online for Home décor and furnishing, including bedding, rugs and mats, kitchenware, &lt;a class=&quot;seoLink&quot; href=&quot;/curtains&quot;&gt;curtains&lt;/a&gt;, lamps, paintings, and more. This will help you set up your home the wayyou envisioned, conveniently from your home.&lt;strong&gt;Shop online for your Favourite International Brands &amp;amp; Celebrity brands &lt;/strong&gt;Whether it is clothing, &lt;a class=&quot;seoLink&quot; href=&quot;/footwear&quot;&gt;footwear&lt;/a&gt;, &lt;a class=&quot;seoLink&quot; href=&quot;/jewellery&quot;&gt;jewelry&lt;/a&gt;, accessories and cosmetics, we showcase the most elite brands in the world. Tommy Hilfiger, Forever 21, Vero Moda, FabAlley, AllAbout You by Deepika Padukone, Adidas, Puma, Reebok, Burberry, French Connection, Calvin Klein, HRX by Hrithik Roshan, Arrow, United Colors of Benetton, Esprit,Bombay Dyeing, Forest Essentials, L’Oréal Paris, M.A.C, Bobbi Brown, and thousands of other national and international, budget-friendly as well as luxury brands await youwith products that you just cannot turn down.&lt;strong&gt;Avail added online shopping benefits  &lt;/strong&gt;&lt;p&gt;&#13;Make sure to use our card or cash on delivery option, easy 30-day returns policy, try and buy option (for select products), and other&#13; customer-friendly features. A comprehensive sizing guide and detailed product descriptions coupled with high-resolution product &#13; shots will give you all the information to make the right buying decision.&#13;&lt;/p&gt;&lt;p&gt;&#13;You just need to pay for the product, while we ensure free shipping on almost everything. You can also buy gifts for your loved ones &#13;and avail our special gift-wrap facility at a nominal cost on Myntra.&#13;&lt;/p&gt;&lt;p&gt;&#13;Give your wardrobe an upgrade with stylish clothing – head to Myntra.com for a great online fashion shopping experience now!&#13;&lt;/p&gt;" SourceIndex="1664" TextLen="3934" order="28"/>
</LayoutNode>
</VIPSPage>
